"HolderAddress","Balance","PendingBalanceUpdate"
"0x00326e37cef76788f6b0cf643c94481d60bd3d58","10","No"
"0x003814a176d587c13c8efe04cbd7790418388c60","10","No"
"0x009479c263046e392de100e6521d2a6601ac082e","10","No"
"0x009659acfdff688226f88c05d3fce20f49b4150e","10","No"
"0x00ae3db5418f6eac5305e72ecc853838e9ed3837","0.4715","No"
"0x00ee80c322d6e956d2629a73223605bbda946f2d","10","No"
"0x0125054443c774ac1009187b54bd6b035ee4c61a","10","No"
"0x01280480bf9fd7c5991c7d5b7ef829ce7878a315","10","No"
"0x0136b00be94ed8ea798f40e37135596337305461","10","No"
"0x018483563379483a7c222425d4cfd7dfb21c1890","0.00343105698542837","No"
"0x01c62f8bbcf7f0f4b872e4d83dce16e61c079b7d","1.40884761648057","No"
"0x029b317b115dc4a40cb4774069e69c40705e0e2a","10","No"
"0x02a16c6bfd4631415822112b268fc0f9422ab701","10","No"
"0x02e05dbbf4df5d17cb3a0140f9643fe68cc4ae39","8.99625","No"
"0x02e5938904014901c96f534b063ec732ea3b48d5","40.9852325052976","No"
"0x037dfd569defbc08ae28001159b4c49f6d006cff","0.255755413379842","No"
"0x03a673e4a53120a0f6f57e49b202f38553917136","10","No"
"0x03cd200033f2663a964a9b2dbcb90421a319eec2","10","No"
"0x046f601cbcbfa162228897ac75c9b61daf5cee5f","0.366032872882402","No"
"0x049808d5eaa90a2665b9703d2246dded34f1eb73","24.5708275288311","No"
"0x04ae7bd63b98423456a25cfed0738a7d9c71a6c1","10","No"
"0x04f65eb7730f54937820091ecc62509466f3e647","10","No"
"0x052f4734f6a9490eaebac1a446edbe7337fb3aaa","10","No"
"0x0565879eb9e81bb264f12f6fa1827311e4732625","10","No"
"0x05a4818faa4e68bdb9b6402d7ee8c7fce164b392","9.861844675","No"
"0x05cd365162dfa9dca51e033b1397adb9dc26da48","2.35623893182913","No"
"0x05fd601cc84aeed9b6e378aac9d46ed801d38069","70.927215585507","No"
"0x0639e840829e39ae5ce839d9121047273362db1c","10","No"
"0x06887698291516f0f1a8aa51c24ce9c4df9ae0d6","3","No"
"0x068e0ab617ee0c0413b992551fb74fdfec71c3ff","10.2552757487483","No"
"0x06e109f1a3d4f56411ec63887689aed28ead8692","10","No"
"0x072d06505950fd8a55f8cbc2d3796afff1d84c11","10","No"
"0x075483ad26925e558955ca1d2679c12d8453a8ca","0.362628007492054","No"
"0x0775a23372a9a1572b2138f0eb5069a60f6b8b05","10","No"
"0x078219b1128ce545555a71088a4bcf3fd8ab39c3","10","No"
"0x078b8ff955e3cf77550bf2f2edfc0aacbc29adc6","7.99436145202875","No"
"0x08d8db85ad681fa6a80c0d1fab9312f00d1a1888","10","No"
"0x09187ebd7d6018e2a871ca5c4868cddbd498738a","19.9474224880697","No"
"0x09b77b7d197928225d4aebb72f006b2f76445ff0","10","No"
"0x0a251df99a88a20a93876205fb7f5faf2e85a481","10","No"
"0x0a574b135ca7ad0845668f20cae3a1478437ef4a","8.7764690206E-08","No"
"0x0a8f4e308b17f836eab6493f42e48ac07d30946d","8.44141791330245","No"
"0x0a9a04f289e1237c978d9ed375eeebda73ee97b1","6.27246705629303","No"
"0x0ae3d5949202165584a270cbac7a733b0307a766","10.4050243351354","No"
"0x0b14307ec91297168cfba36730e4d95618e698c7","10.8141281128352","No"
"0x0c1a3e4e1c3da4c89582dfa1afa87a1853d7f78f","10","No"
"0x0c4e0544f0ecfdf4387b45e44d2f45d26ae65d02","10","No"
"0x0ce15b159dde11810d63e6e9817535396f173bfc","0.0853455139723888","No"
"0x0d01ffcd7c1a17eb87718470ca2f227097234cd5","10","No"
"0x0d2dcfb901c476aeb9105e38a7b7b451fd109a92","19.948946375","No"
"0x0d4f0f044dc5e2b059f11c6a5024d97e05e8f85e","13.5962905424921","No"
"0x0d8b87261d73922b3a2fd6809712212a046737c8","10","No"
"0x0dae41298ad0b6864c10c0cc05c3c8c773560e9e","10","No"
"0x0dfd01280065c661f913165cfff53160e9bfd8c8","10","No"
"0x0e024cdba8377acf2d83e23090e27f5f8f490497","2.45114959083334","No"
"0x0e4cb981aa087847ef0c9f0c0989d884a86d04c3","10","No"
"0x0e938f234cff703624a24770a18094cd71e2b37b","0.0472105484212445","No"
"0x0f8361ef329b43fa48ac66a7cd8f619c517274f1","10","No"
"0x0f8aca6bb8d86bba87892efab1e19491c97387b7","0.965941404699033","No"
"0x0fb20260d3e8b9d3023ca3a5d3423da7c316e6a8","10","No"
"0x0fba7b5418d2d2cd3f93983a905d5f9711a0b38d","10","No"
"0x1067b7df86552a53d816ce3fed50d6d01310b48f","35.9596182722025","No"
"0x10bf0cc5fce2f6b8cae0dc97255c2e3a57ee9d47","6.996175","No"
"0x11d67fa925877813b744abc0917900c2b1d6eb81","10.7977426241748","No"
"0x12669fb6daee5d1948e81542e9954a3bb992b009","6.67539516004094","No"
"0x1297ad486549a430d59d9d5f99ed7c216b6e77dd","10","No"
"0x129e81dad8cfaeecee130309b39b5f22215062ed","9.99966897478184","No"
"0x12b0e1b718b33d16512bd7a81c3680faee3c7e3f","7.83804152482643","No"
"0x143b5d7e1a11b5dc301d97a51264eb73dd5a37ec","0.49844","No"
"0x14b889b25e70f60d8dc0aa5f10c83680add61351","10","No"
"0x154fd1bdceb028f272a84d71bd038c0fa5ec5ed0","10","No"
"0x15512aa0ab1ee5a8d9a686bdb9cd5eaae09ab7b7","10","No"
"0x15903df309f04d1e4944ceb27499301c7e6d8e55","20","No"
"0x15b00c5f27298e0503c2aad79024f535c90a27b0","10.4576257433177","No"
"0x15d3435f25eb464ea86853037da94137bd76ef70","10","No"
"0x15f490fe47a84a50c75b0cc4c1f4b17b7188306d","10","No"
"0x160a59cdee115d87156d72d2a5fa03ab76d85ee2","0.451208464797091","No"
"0x165e33e2f00729594a5303898a09554b865ad83e","10.3557141595374","No"
"0x1666b49d92d86e280d85e74eacf345f4830e0cb1","10","No"
"0x1671b592610fb7427ed788b66fa3e9217ff41047","10","No"
"0x167dd1517b4ca5520aee35ca680b7080bbc1f75e","1.55295001040839","No"
"0x17720dfa8570f9662fcad784f981b411a08ae948","10","No"
"0x1778cb9fd8d489c740568a9bf16004d948d9b6bf","0.00531653963761818","No"
"0x17b50b58aef6494839349c1826f6bb137cd0ddfd","9.94120693159835","No"
"0x17c254982077bfd7a9f231eb24eedd3e3069ca40","10","No"
"0x17d2b1b51fb36ef6f8e397feee9e0c98ad8eab60","9.49891603812162","No"
"0x18650583d5bafb28c0ed36f9e6350873ed92edfa","5.183474223841E-06","No"
"0x18dd0a35977f88e7adade2682e3d9a585ad3b87d","4.385743","No"
"0x1921054a4f8817f9783628f0694744f91dd9d34e","3943.6626427719","No"
"0x193f0ee42a199a0cecd479a9f09ba293eb1ca357","9.37807523512449","No"
"0x19e900f9ee644b19c566cf4351d15e763768140e","10","No"
"0x1a929b5d550c45ca8a0cfdb82f7c9c15fc278f31","10","No"
"0x1aab5ad27515409cf96f8ee10c41e2fd8f0365dd","10","No"
"0x1b13b0d6c5ba46afaba95aa7a13eb286c25ee7f4","2.63669229062557","No"
"0x1b8989a7fa866c83fe40423597c7fc972575628c","9.92055776971354","No"
"0x1bcc47183112f47d7d999501c3b620a1ccf3f3d1","4.9895","No"
"0x1bda0a00d113eee140757aa5603c7cca15295153","18.9473577493566","No"
"0x1bfda4d1bd8a28cab70f53d30ba7fa2a10d2c221","0.742934843064905","No"
"0x1c05decb151a459e8b045a93f472d1b238204094","10.1047881747727","No"
"0x1c47b2dd29e500e6535592dd617792c3118e1c1c","4.85211023704762","No"
"0x1c494f1919c1512ebe74a5dcc17dac9a64069023","10","No"
"0x1cae141ec4f5becd042d8df35e397b00c26e0e8a","10","No"
"0x1cca8060ad78198dffb4470326ac4304a6ffc110","10","No"
"0x1ccb144b700ec726d37db38c617e154de6d9c0d0","10","No"
"0x1d0676ab90e684e9c70c96a8691c2c993eec2da8","10","No"
"0x1d1569e8ecb88c0cb35f8920649f1aa66173a8bc","10","No"
"0x1dffae74acf1df1aa4118b993ff73ff84932e6d4","0.44186196419514","No"
"0x1e7cfe41e9cef5eb1ed304f323878f6a150a0b20","1.06406371874729","No"
"0x1f5638b94302b8ffc6a92d68472594ed8f9d9fbb","10","No"
"0x1fc5358ad458732b9c99db3b1c05dc95dc726088","9.71183091874708","No"
"0x207d6a2cfd7fe8a94177b618c476f98112c5333d","10","No"
"0x20c9bd4cff005082867e5928926200c872cd8b3d","9.99183689751461","No"
"0x21d79c2be4ab3de2802a60da66f86d497d06102b","9.00409457508897","No"
"0x2283b7a2de7568b34ad8b171d99c1830469d105f","1","No"
"0x228c1334fc57eb6e02ecc448e749a041124321c1","10","No"
"0x233dd5f48abf07390fe66d5a05a4e3a392d36dd6","10","No"
"0x2422f2caf7fa802b7edd3dbe916dafda87838503","10","No"
"0x24256ba5d35cd901ab024426d04bcfce8bf1f761","8.40734597750583","No"
"0x244a6193851af9ff75f74d7b78d277483e395375","10","No"
"0x24695e871abef73e9c5eeeb674a681ec40c074b8","0.611014716232265","No"
"0x2503623d0f9ec2dc2181a4549a5fb9ae41769dce","10","No"
"0x2579fa60ef7f6e0ea5e981ea24a8457273d7a1ff","10","No"
"0x260ead7837df1e2618dfcaed24c920287ec49e7a","0.690090271138127","No"
"0x266915251dc084a00f2f262deb7849da8b9c39f6","10","No"
"0x268e8ef615670b275418d2787521ad27a4c9c310","10","No"
"0x26eb3872652fcf6c6284d722f7885485df92b2af","10","No"
"0x27014500207436f0395ab6222c7aa66abbb816d2","9131.22661530015","No"
"0x274a3b6198b483a5b2af51ebb09de9b1f931caea","1","No"
"0x27a86abf8ddcb96ce1b822eb883fd03d795de462","1023.85056516006","No"
"0x27ee28301f455ad1532f78d3c075dd826f872176","10","No"
"0x28156730f1f2f588fcc3e9ed2f5793cad354282c","10","No"
"0x28c118cb932bd3037634789b0a780f6b01e77fad","5.16681938700101","No"
"0x291e4ebb46c04d87c2fb10582b20e9258a1a83f8","10.0394582245724","No"
"0x294e7910e62f3c3a4e05953eebcb18aa5fe7e707","10","No"
"0x296e0c21db4061ebf971e55d5db85011e7ff9797","10","No"
"0x298523faa843ca40e83b7934170ca874a4fa1b04","10.240901908759","No"
"0x2993e1d02b11377f44455aedc618c705acbb0591","9.98498875","No"
"0x2a92968ed18b08bfc512be17aa0a7b2ae80c3dc4","4.56045021494459","No"
"0x2aa40b4f2c62c70b12ca2295f3657632a21d5396","12.0434359402937","No"
"0x2acfadbba99b56cb42d7d9cd49aa745e58a0a2b7","1.07596138313938","No"
"0x2b2e9d15264452e032fbaf851d38ba0d9d4cb536","10","No"
"0x2b56f8430433756b8873190e5de496cde339e94f","10","No"
"0x2ba0cf3a45d78fb39cd2a75516c3338d5f36dd37","0.263625","No"
"0x2ba9b338a883621f3ebe882251a8ff0a6612b9f6","6.0337808918115","No"
"0x2c8c68f84dfe2be2908f3aa54ab8505b7347ee02","6.9955","No"
"0x2da68dd46ff1fac8bd81fae86f1f9a4639c81917","10","No"
"0x2ddc2e6ec28ada2e945f36abffdc25dc24d16390","10.6011172508435","No"
"0x2de944255b054466e125da744a213895a3b3cb93","2.47921398227468","No"
"0x2e32935bfd5b2718f99bc8fdf8b37c16811f7d97","2.53190976126216","No"
"0x2e8588553feadb0bc4d90ef4b2a6e4e1c8883d8f","10","No"
"0x2e97bab47dfb1fd1395be6d86fcd48c19374b79b","10","No"
"0x2ea58cfae2e5623711047778524be7fcb371f2da","10","No"
"0x2ecc650e73d984db98c2d239108d2931bdab7028","4.491401","No"
"0x2f2f2b5b098e78d0dd44345faa57951430fa92d1","0.0476575","No"
"0x2f618c6bae5952855852f86d68fa727e696fa5d9","1","No"
"0x2fa4c6f0e3652cf77c03002677a72a46205e8f07","10","No"
"0x3021a59f56cae360183c40965d7059a4a73a7ba7","10","No"
"0x3058a0d5e8e1a7b15dbf13eb3d411ee3efea70d9","7.9296337912486","No"
"0x3082f27581a2449268a14af56d810cacd9984ec1","2.9766316197805","No"
"0x308bff328370fc4a9683ab9fcd79a21be6dc5ee4","10","No"
"0x30dc47a299657a3d01dec51a160b941cc60d9956","3.99775","No"
"0x313ef7fcd8f965e1b05a4e6b5f830f1373921df6","10","No"
"0x316f99537b4bade5eea51073f1b7c38dfbf69a70","10","No"
"0x319fa9b7863fd629f33325f159143b82d0fa7b94","2.18598896714039","No"
"0x31a406efbd18897c85a028ca2ad9bbf06febaa2c","8.99925","No"
"0x31c4eb8260e7005aaa63d8093699f236ed9bff59","19.9947960925","No"
"0x31f03a16c47cfd2f500db438b0603010c391fcf9","1","No"
"0x31f30e341029b49c3ce9d7ca4c6fede7f2425a7e","6.67161048523004","No"
"0x327b9dee1830f8201efa751fd96f7b1ad0b300a1","10","No"
"0x32cb4d6093b854061c63c1d3f243347a45a17e0b","10","No"
"0x32f130d2e8f0561d292cfd90ce505fb063e303c8","0.062875","No"
"0x334eb3ef3f8ff784d60ddcd13cb2ed8c0db8b853","1.83956809446113","No"
"0x33659282d39e62b62060c3f9fb2230e97db15f1e","16.614309","No"
"0x33d3c029fd119ebb90df20c3427a97074637bf7c","0.00423660019985633","No"
"0x33f504e15bfaace476785f89951ce18e1192aa44","10","No"
"0x3420c19bcd121e6febcc20fd502b14a71c2f857b","8.99775","No"
"0x343863716ac003a71c7b1e04f78266c51ec8c5ae","0.729431979442269","No"
"0x34ba50a7034e5b1ef1c8a18d8f3bcb74c61c9821","10","No"
"0x353d1af0fa732f6230ff4ab0eb2a6a3dcf4c54f2","10","No"
"0x354908c727bfbe01442489eebcd01747256c9fd5","0.242905502247494","No"
"0x355c08523e565b639fdc12dbca1fdce13f3cc880","8.9985","No"
"0x356b0c093e663eb73970255f911ad5909e7fe4e8","0.062875","No"
"0x357a15f1d5feff777fb38ec5424cc2605c091fb8","7.26477277395629","No"
"0x35c5b563f9ab82c8e0b3e30aac799092c4b49ebf","10","No"
"0x35e1d28ad9d8a80cff5bbf163a735c54eb6c1342","26.7974943","No"
"0x364f4b2eee8920b6e476dfd4e531b6fd6bfc14cf","10","No"
"0x36507b98038c446d865d0ab55d8196281e3bc947","10","No"
"0x365f027f73d3d176619b2dd8ca0bdd7766bcf24d","8.84750174767243","No"
"0x36a6f6f423778a71fbd635081f4ee44ff15b9d6a","10","No"
"0x36d6136b9e0372fe9de42bd21311890bfb523246","1080","No"
"0x374acc8f1b7e115b34cecb7edf84ec468e79e994","0.926299975783867","No"
"0x3803431f81fde7239c6947b09bdc02a8beac6ebc","5.26678657105351","No"
"0x383f42b5de515c564641f65f5da3bd8b4a35b4b4","10","No"
"0x38835098a8accd046efa8123f9fcd5aaa2cb3a7e","0.0823875043976021","No"
"0x38daea6f17e4308b0da9647db9ca6d84a3a7e195","10","No"
"0x391985fdf0f28de092027d52763621221684cadf","10","No"
"0x393eb67a9b14c7f487acea3b095dfb0bdb019ac2","10","No"
"0x39432039ddbd6fc67668386c897e54c1c5554ce4","0.966625","No"
"0x3948422f8998189c64928d5468a49ae63ce7e3d6","10","No"
"0x394bc1ee5687397b354943516d04f07b28967ff3","0.0263190660793979","No"
"0x398625016bca21f01cf193ff0439dacc4161eb4e","20","No"
"0x39b03c65a275b9e81ad74c1249360b7d2ce473a2","10","No"
"0x3a409eff50a47aeef294e3f0bb3874490dd99abc","0.9874","No"
"0x3a4c04aa3d7b338c035a501722d677b3a541dbfc","6.4816937517053","No"
"0x3a5497c6981156f50749c0c8e9fc9def771ed9a0","10.5899800686295","No"
"0x3a6d55de9e23ce94b7b2aefa863a132a3fff858b","10","No"
"0x3a8173cb3b6d6e02d849ce280da129d91aa9e68c","9.03723092968277","No"
"0x3aa6605d87f611e43ad0a64740d6bef9b80fcd2c","0.973","No"
"0x3ad33c43b4008b1be3674700294a7fe9d80328f8","11.4547482829124","No"
"0x3b24dde8ef6b02438490117985d9cfa2edccf746","10","No"
"0x3b25c509e34a00cb4e94230d97adeb7de2c07ce0","0.00949812380491161","No"
"0x3b25fca82b4e05b4a973ddf64167f813a669832f","70","No"
"0x3b59e42d9f33906ff58813f9bb8be58b185d22f2","10","No"
"0x3bb8d70932685e75fb11c166b2c30f5b0a0c959e","2.61711827834922","No"
"0x3c389f7538fbd86efb498675ddaa0b646ca3f6bb","10","No"
"0x3c4327cb139a181f5b2bc60ad01fab170a7ddc8f","10","No"
"0x3cd15ba0910272dbc2e70a142c7c9c5ec76372b6","10.4002665036658","No"
"0x3cfa7505b674a690f992ffe62f916d530354478e","6.1955","No"
"0x3d0feaf9fa634d7766a0c80ac6f38b486dc73c9c","12.6690727108485","No"
"0x3d1d397acd3b0989d9e633d6dbf7e6f8f5c03a2d","10","No"
"0x3e051b18a633a48998cb1656817ca74debf37fab","10","No"
"0x3eb7f9d036de12740136dde90727c9dfe2b8ed42","10","No"
"0x3faad2238ab2c50a4bd8fb496b24cddd2fe6ceb4","10","No"
"0x3ff6517c30bd615d0a3c51ef2460f1886625c900","5.82582007602389","No"
"0x407410d84e15f79642272edaeb437ac65d7298e6","9.89837208508609","No"
"0x41441cacd33778c0a781b9646f4640a95ee53a3d","10","No"
"0x4161eab0b7d555298adc4f40fa0c524dd2e596fc","10","No"
"0x4269bf9727ed052c40e6f127ee0dd5e2ddee6289","9.98445005","No"
"0x4298868b068024d5868502beb075eea0ec28909c","10.0669478170733","No"
"0x42add773b02585dbaf024db751d8944618ada20a","17.5218607650246","No"
"0x42b2e881b164e4c283fb7b7e15b35cd256209133","11.7036301524182","No"
"0x42ca45b785d87b8375dff176555c745b27d69da5","10","No"
"0x42e372d3ab3ac53036997bae6d1ab77c2ecd64b3","1.66302175541277","No"
"0x431fb2b505af18093be76d484c83404322b1935c","9.04558607843686","No"
"0x43238e0dbe4e69ce5691d86207dae2cffa352ce0","0.96625","No"
"0x4331a6f53f75b215b1a6d6292acaa564bd89464f","8.565201377814","No"
"0x434a353ef90b123bee73cab5eaa1015e2edd0e7f","10","No"
"0x44088f219c1593d0d029377f2dfdfefe91cfa2b8","9.81171761505838","No"
"0x448588d0441f132c5ff677fc7fc459a91c0484dc","17.89835","No"
"0x44b688ea4702d9d69180b88937d5f30928184117","0.0879143934767208","No"
"0x44d49bf98200e2a5a1d4389688b091ee5dca6cec","9.44812221532113","No"
"0x4519f0b6d70efab9b348c6dd4a79ebfbd5df1231","3.30615273094574","No"
"0x451ff7b74676268823ccc0886d8305aff49d166a","13.2488764080032","No"
"0x461337d4f089adf16455acb785415f6437da0c24","10","No"
"0x466064ab0366a325d34926321958c7068708a1ae","4.99055","No"
"0x468c2dac680f0600bf8c86b6a8bbffc81f82f159","12.9212239673052","No"
"0x469adaf766fb35f1a3c2569fe8c57a50f4b39131","10","No"
"0x46df9f0d47c246c1200c2ab4eaa58229d4df0c11","0.139205037027441","No"
"0x472b18d65e5cd22dd7d748c394722a700debdd97","10","No"
"0x473668e5f99e0e0bfa66c2c979e9cd26761f2f62","10","No"
"0x475681f0e12606cf8f97743c1d4558c06a287840","8.97012124634937","No"
"0x47aee9c7ad8715127b2daa358ea7ca9df6a115d7","10","No"
"0x47af325912f14e7359380729a95df4d3ca137af4","10","No"
"0x481ba80800e7d0845718adf42d3fde34e8687a0e","12.7502933093519","No"
"0x481bb04f60dd1f7d6ec0a3611ed8023e618697cb","10","No"
"0x483d25d45518ef52e4083284faefeba702b6ad35","10","No"
"0x489d69939b4aca357f630055e351a81f1fbb7fb6","9.92715729281922","No"
"0x48a0096b26fe285138b294afe0eb1dd705071dca","10","No"
"0x4900d8590380d73604d2f0c53eb6bb013032c6da","10","No"
"0x49379efae465c8d420357142477c09386cc1e764","10","No"
"0x4979f7c308306973b04ee1a1fa2ee5fbbe3f0643","1","No"
"0x498e57a8a689523c957b79692d4dc81b7eafd203","17.4688532658604","No"
"0x49df518ac5ef19ee3767294a0790a24706f9b88b","7.2458171085134","No"
"0x4a401ee7fef089cd20d183fe2510d7bd38294728","10","No"
"0x4a7fd8f063a6eba78f731f562a5a1e9fbb3313bb","10","No"
"0x4ad81a2e5e1fdb4e28d2f44b374e2d80aae9fa61","0.167159845416869","No"
"0x4adbf598af825b14db8c0c8fb4b3ed8b898e6364","10","No"
"0x4b2f6d3a23badb60c8405d50289ef3dab9109936","9.68502934216209","No"
"0x4b80e11d2410f2029ae73628603840dffbf885aa","10","No"
"0x4ba065b10d9f3e4960a53efa882a940fd3999a73","10.8119034041258","No"
"0x4bc68c2c4155415db38d6c50caae6c06b0b84399","7.9955","No"
"0x4d477f1aabcfc2fc3fc9b802e861c013e0123ad9","0.00540570922313982","No"
"0x4d7c214185408241ee8e34efa74d340b137c249e","10","No"
"0x4d864b0ddec2a861506c8baa676e2d99a4c30a84","10","No"
"0x4da4a2f69cb2f61a49efb7423b1f093b79c6f1f2","0.0220317771377201","No"
"0x4dce3bb119fd5785f5f40b1394fb9b3f4d78096b","20.021193444745","No"
"0x4df1865fdbdc6cbc57b8445df78c1b0dcd3532d2","0.00173811925754845","No"
"0x4ecdecc6a287864edfbfc949d5ec5bbe3ac7fa70","10","No"
"0x4ee051628409ed9604e4e1dc21b1dc795edf9456","10","No"
"0x4ef72636664e3348791357588b7d3bf61d29f4df","10","No"
"0x4fa4167b3c94a80416bbc768fb919bf3ace9f8c2","0.0398355765420947","No"
"0x4ffb72b66eba24521736924f87dfe10677d82286","6.46629116387713","No"
"0x506c4c4325b133b9dc277b00b58b01c606ac6ddd","6.60444887396128","No"
"0x50a259a4ac82ff596ac929bbe120846677f04384","20.5009486950305","No"
"0x50d84c8cb4dea8ecf109f502c5e8bd356e81c767","8.64317352232888","No"
"0x51394d778f5d4d750d2e9eebe138a9e5610a71d7","10.0438684764621","No"
"0x51aeb544c49ea8cc11e7421ac870019d628f8ba2","4.59062863953053","No"
"0x51f4e96abf315ec7597cb56d89637455ebf60f4e","10","No"
"0x52713267fe99e268a3ce0b1a84c3d3dbc7c47f21","10","No"
"0x52cea6c864d2f93e40710be0c4cc291b7ee37c39","10","No"
"0x52e06dce5f5cf5ec2e3625c4580604f4636b2c16","1E-18","No"
"0x52f7a765993b0833a15b5baef6eb63c6f74babb1","9.99928428418491","No"
"0x530f09ea449f3f84b74f42d5ea82aecdb82f9613","0.00673746395443884","No"
"0x53a60ac4f0f3758731d41e5a13ae38db48b7bb40","19.949946","No"
"0x5432e6c44fea2f15576865db10497b5f01800eaa","10","No"
"0x54372e2b338c4be299b75cb54d914822db32a63f","7.82514071031636","No"
"0x543f3b7233f461935255ba32f71b9d910f91f6a0","11.1311488059624","No"
"0x54dcdf3787b45666dd094d2a406e0dba3db08c44","10","No"
"0x555a457351906003d7fd58e9fa7fb3eec54f83c9","5.35754237676665","No"
"0x55a1cd90c5fb0dd3abe513f547ed8068d960d3b4","0.0176169721176214","No"
"0x55cd3aa91384501b59d1b8e7796eeece52e25a14","5.84692028825375","No"
"0x55e0839f06ac19be1c42b032872c199ace43a4fa","10","No"
"0x563eda2afb088b36a1b3735126c409372a6ef46c","10","No"
"0x57355498a50869a2986e2154243ac05f462caf18","8.02392826296591","No"
"0x57552be98cb1095791699e95369ffb36abbe5236","10","No"
"0x5767795b4efbf06a40cb36181ac08f47cdb0fcec","9.6271376607957","No"
"0x57764f39fc0e3a39ea6936facace0e92e9fa7eee","10","No"
"0x57c687f80390112ce4f341bcf5a6feffb319cf2b","10","No"
"0x5825847ef116f3811f565882bcf9b04c5c09e5f6","10","No"
"0x58654f05384e90004ec571ce732598c0f0b0ed79","18.0394151990866","No"
"0x589ae1baf83847ab44a226d73487a219337eda73","10.2368066015472","No"
"0x58b1a42264eb08b6bc69bc278e47b5aa9b00c30b","10","No"
"0x58b61d71a801beffe49ed1a8e01a908be965ca1b","0.454492158087724","No"
"0x58e316d51ada862d71fba22ada6f56d00186af13","10","No"
"0x5985fd48b48fdde2c5c1bc0b4f591c83d961184b","1.00223938311004","No"
"0x59a6a3f9377b9369222b66357d30cbcf744375dc","10","No"
"0x5a06806b172d1c4cc0bbd0ddbdd5a54469e8628b","10","No"
"0x5a0b95e113b6713ed3de69e47af4a946f9538b8a","550","No"
"0x5afdbe05b4b1a00176560d1693dc4a5ec9368ff9","0.498125","No"
"0x5b443cd7739b4eb26b7db17f9ee556d75a069401","10","No"
"0x5b9950c198aa3e2ef0a8d0c1c640b6b13c3ef216","119.939114983006","No"
"0x5b9f1174c2125118d8f288b8218fc020d95871da","1.09475521723523","No"
"0x5bc82eb053bc927de5a549b1e1e5fbed22de0df1","0.0761193691316528","No"
"0x5ccdb848b0f771c0ff531b5386471f53fcda73ea","10","No"
"0x5cfe3a15c0f55b8c087d5063258a49e20784de8e","7.00394302917525","No"
"0x5d158be3cc383177938a7d887132375d2347f154","10.1496874800896","No"
"0x5d2a62c53f8449c8a75c46b4a11ec64e35a7d525","12.6112175208318","No"
"0x5daaf21bcbd5045a8c69c3e2214a32747b40b029","9.898923125","No"
"0x5dc4981ce2b560c920a986366383949630b8e58b","10","No"
"0x5dca47df4ddde71069e2e205b993ca39dd3881e9","10","No"
"0x5e27a2447b4f19064f0014d3de3bb0777f7b84c9","10","No"
"0x5e65a55ded8177b4207df49ea0ab5961e8461013","170","No"
"0x5e95b00eb048ba226e37f5fcbab2ebd8b530c83b","8.699025","No"
"0x5eb2af0a5c8c61b727d6c617f60da4361cd85732","11.4975995294619","No"
"0x5ec6abff9bb4c673f63d077a962a29945f744857","10","No"
"0x5f3df357144f748d7d53f30719a6e4040e2c7d04","10","No"
"0x5f67ffa4b3f77dd16c9c34a1a82cab8daea03191","10","No"
"0x5fd3d9bea09936979fe3c1c26aa307b00f575c58","10","No"
"0x5fe7aa0a278fcc17700de800544e6806e396ffc4","10","No"
"0x608f0cade420e14b35b6f494867f302e78149d8a","21.4532029744083","No"
"0x60f0bf76913f5caa2e8eb85ebaf3ea39005a3941","10","No"
"0x614d98a57a5d879d717152de0690ed2b04562ade","19.4000804557688","No"
"0x614ee92f226701dcf79eab668ab76a5bcd82aaec","10","No"
"0x61adc9ccc6711622462a2863167a2e985fb40543","0.981179397770543","No"
"0x61ec027bacee87fb151c3c4b1b8bb88ad4e4ffed","10","No"
"0x6218f898352d269035959198c85531217d674838","10","No"
"0x629898596dc5f16c31af69382ab7985654332e78","10","No"
"0x62d00bf1f291be434ac01b3dc75fa84af963370a","10","No"
"0x6331351a6ee4e4684bdce0d622397a806c06d163","9.00881365377303","No"
"0x63c242920ed0e137cc7cbc6d2cdb5b1fccd050ce","30","No"
"0x63c7758b14545ff35186418729bfea18984e0d7d","5.985375","No"
"0x63dae0946a44eeead00c8b30ec206fda63f7dfe1","0.0126875","No"
"0x644be8a25be30a21e2dffeae4fc43937fbcf3efd","0.00265","No"
"0x646969684d0c11fd1fd6c8b1e26fa87dd114d179","6.11058400179633","No"
"0x64ac784e6382b7251db86c945f1706fe612a2b2c","10","No"
"0x64e11e0f5f5381e2c54154bdd036c935f18dce38","10","No"
"0x64f8e38e19c1b6992969dcd5769c149951018af1","4.83567653787722","No"
"0x657a38e6994cb578351376dcdb077330d00665d6","4.991975","No"
"0x65dda92080978d9653646c90d6fc63f7828f00dd","2","No"
"0x672c3b982325be86e221fe5d0eb5391ffa9cc8fc","0.411129654547289","No"
"0x677c8c78bca850c03051beca4e5609e73123174e","10","No"
"0x67afd790133ea65c16a1ac0734345c5151a2a042","10","No"
"0x67f5d8c59c2b7046c3828c6112597b11d2002487","10","No"
"0x67f72412a592d066a2e688e62664116deabeab29","0.00265","No"
"0x682d154b51a281c0e2d271085ae074443696ff2b","10","No"
"0x68b2deb1564f60f9c8224848293a39c49df721e1","1","No"
"0x6a43cf422bb521b6bcc1efa5c31c09cb1ee9bde7","9.99906146031803","No"
"0x6a61857928149cb7cd2ad29251902787bcf9c3b0","0.204915899885711","No"
"0x6a846300b7168106e30929ce1fa42148cbd9f4a9","1.181973145663","No"
"0x6adb29e85af0a4a614a65fdd81b7ee78b4c3ffa9","10","No"
"0x6b1840ac04d98480168d794aa101035eac1edb71","2.94399856031739","No"
"0x6b579bacffea19b002271d448a62b161f754401a","12.0328499472974","No"
"0x6bcfe7307663bb2b0c1c70294c8af1ea01fef0de","10.5002185790894","No"
"0x6bde88acb8270e94c8f299d15f41c1ae2c5f6a10","10","No"
"0x6c839896e555191e0fbdc5bcb6fa0f22496db1b4","10","No"
"0x6cc87c563694ce0c9ecc525d9acab7e4e279903c","8.99625","No"
"0x6cd8af7445296213db504e3631ae66b3808c4829","1.982","No"
"0x6ceb2707ade5d5091ca3545addd100f8db0eb995","10","No"
"0x6dc75ab02d614ac94537f774c1dad8c8f6d0f6b0","10","No"
"0x6dd992629912519b10f134239674f5043a38cb7b","8.63163651340254","No"
"0x6df371a2f66fe82ad19bf56b8d66d3ed3bbdae28","5.8916","No"
"0x6e311c67e5e5476d6bbf87226038514c3ed11ebe","5.9941999175","No"
"0x6e58309cd851a5b124e3a56768a42d12f3b6d104","0.00875546808793181","No"
"0x6e5a39f477fd643204e78de79e545e5d697054ce","10","No"
"0x6ece332e1324fb0c080a6364e84171eec1571f5f","10","No"
"0x6f035094d509f17a53bf9a99a03bd05317fa7db9","10","No"
"0x6f189533283149508766f9929e5ab6cd621b6a1a","51.7816287212947","No"
"0x6fbe81055140287005ffb5659a9312eba019f350","10","No"
"0x6fcbbaccd027e8e29cdcec8b340784cb699bb348","10","No"
"0x6fd64b2555fa6d1bf8564f728da7eae8ad1397b1","4.603276908925","No"
"0x7029bfa9a85ebf4653945be520dc3b7f1181f4af","10","No"
"0x703c14e60678f63e5ce8ec9c0925fcb2fadbc7fb","10","No"
"0x70528683313ab25606ff73b1056c7fed09a64f4b","10","No"
"0x70f5d1620c738f25eececc3473272d18e2a29fa9","9.856872425","No"
"0x71627841545a504562bd5a89d24ee3074fa53c83","6.47318613047784","No"
"0x7179ed411c63ea4ba21568142e57f6cda4568e12","10","No"
"0x71ac74028ad23413b9e2b9edaa4a2a7c9e7099a8","10","No"
"0x71fa3775fe1ad35273eda0c1574a62fe597c358c","9.99979985","No"
"0x723585bdc39a1460ea71226f231f48877404942d","2.48516992531678","No"
"0x72d43efdceac4150620e849337cc2728aad3a3d5","10.0254164408573","No"
"0x72eba299088937ceaab3d7bde6234aee81a8bf76","6.9955","No"
"0x72fc51c972d4605efcde728c9a7119125b33c92b","10","No"
"0x73359873c377ca981cee66241f73c66997778190","10","No"
"0x737225ee70561f4f177058000573bc738c2768a3","5.50479081056955","No"
"0x73dbe803ced34c0d4cf64ca9f2eff348fd365781","5.6993008321034","No"
"0x741902764dc3af99f522a9f089b610bff4267b00","10","No"
"0x7442ecc6c7545001fa111b2536bbc1162b01646f","12.791443182906","No"
"0x74725834fafd09e55e8f5b2e6685f376b7d5ccf1","6.25978998055598","No"
"0x74accb7c89c5e4cf3390b4066ede5d3eb3782167","10","No"
"0x74b6bc90d9fe6a90b4e27acb5761767f784e0f94","10","No"
"0x74c8d6e6dbd53aa0dac70baa6d7b8f01eec39c9a","10.1423194416304","No"
"0x7565deddcb83a14b185eb9520914bb918cdfe983","15.1441950228614","No"
"0x756e68f85226e17c2ad9a36f5f3c81f88a01b20d","0.0095375","No"
"0x7632121a36d19029d854c6fbfdd8f3d1cfd4dd1e","7.09631660655163","No"
"0x769dece63871b82c127bd845afa1f149921aff71","790","No"
"0x76a38e79d93403bcda320e597919216dcd0c2c51","10.0645752362467","No"
"0x76d3a0f4cdc9e75e0a4f898a7bcb1fb517c9da88","10","No"
"0x77420e96f0e5f1dcfa8fcdd6ba6a3a9d3ad0c6c4","10.3302964344094","No"
"0x77777777789a8bbee6c64381e5e89e501fb0e4c8","10","No"
"0x777fce64e2ae9d2712c6dd0bc7ca8e6883ae752c","10.3668965510063","No"
"0x7797ba26c325ef519f11bd5075f517e388373f0c","0.661563573757424","No"
"0x7798ba9512b5a684c12e31518923ea4221a41fb9","11.040156479318","No"
"0x77ab4ebc6b9ca98f8036190d410d4d890a54f36d","10","No"
"0x77e829b1c8208ccee31d7f239de860ca8dd444bc","10","No"
"0x7839423f763a4214cb812ae16123dfbee8dce4ff","11.4254547511893","No"
"0x786aa34bc67fd254b0f3560328bcfb248c243dc6","10","No"
"0x78ebe56bc138069557c89af35eb29023ff31ae2c","10","No"
"0x79603115df2ba00659adc63192325cf104ca529c","10","No"
"0x797bc498edee4357a16a1054db0323cbd04c84c3","20","No"
"0x799d99103868cda7422995acceb36df2ca646a38","0.96625","No"
"0x799dbd3d68bd7a85279e48c20318cc5857d6e12b","0.426645680069474","No"
"0x79a71b809a5211e5d54380a484241b9e37375f71","10","No"
"0x79b1a32ec97537486e75d99850bd56ecfa09d643","8.79754873667977","No"
"0x7a4c6e32c31a56bdd78de86970180d8a0d613f57","1.96369320369105","No"
"0x7abd480bdad5ccfe1acc840ce408b1336b747ad3","10","No"
"0x7b691713dc6cd2b49bf08f543bcbebbbf540e343","10","No"
"0x7b8227103a5c4e0ee337e0ebb57a4a54c8277462","44.27866","No"
"0x7be9349ec666abdfd574b320fbc3259bdf681476","8.9985","No"
"0x7c183ea0ae73f1d0dd3fd05b1ed3ccca5170151d","2.76378799271869","No"
"0x7c33792154deb677d5b1d85b6ea45833f9118215","10","No"
"0x7c65c99ba1edfc94c535b7aa2d72b0f7357a676b","46.61582","No"
"0x7c76f743337cb33b4cd38366ad168bd9ef01f34e","10","No"
"0x7c950fde7dd26fe40896d93b8fb7532b8ce5c45d","19.94994975","No"
"0x7cfe310b31c71c45a8141326cb73f7e248a42bd1","10","No"
"0x7d81251c7e6091508967b2defc61dee86548335e","4.5268995975574E-05","No"
"0x7e0a6f814a57e1919f60525294d834b7532476a4","7.99924246727291","No"
"0x7e5b9cb6905c5ba18db919e08ded5a2d1dd8809f","7.26503243408205","No"
"0x7e82fed4f6a277eb6269cdd3627fe3ca077bf3e2","10","No"
"0x7ec53ea38843535fa3514623c613f8bf8b88b915","10.5673690769044","No"
"0x7ecb2be93d804f0723a8b3b601504e92e3098323","4.99235","No"
"0x7ff4f8fe1dbbba8dc27103359bf96e97a4d44114","10","No"
"0x80f70b68e8742f4caefd541b086902ee8d556495","8.66651416035376","No"
"0x8194086e3d215fe8d0ce7ac9fcf104057d7a4dfd","8.12097813540357","No"
"0x81cf4f65c732089ece79c7871681442522e1a3b3","6.93365108993959","No"
"0x81e502e511c0fd79fb9e9076407efd583c24cc9e","10","No"
"0x81e886e84542846558ad409519bbabf152fd2c08","10","No"
"0x8292841a46390f3a01fa4befea4bdc88e85e42f8","10","No"
"0x8306d7b380ada3f71b1d0b53b39f9d8319c08832","10","No"
"0x833ba1a942dc6d33bc3e6959637ae00e0cdcb20b","70.948275","No"
"0x83a9dfa748998e040263c0c81b9bf21ec915924a","10","No"
"0x83f084504f002f8b1ba44107fb54e4e324b85a8c","10","No"
"0x83f68939de5b679299de9d72b40a6e4688b6c587","1.9084834312696","No"
"0x8440e56c2675d9b8e04183da3a3a744a4a16ed33","4.02E-08","No"
"0x84593675ac14eef6bc04287e655305a79f460cb7","9.59221162025541","No"
"0x84641137bac4db68de94ec3d2ed89ace0aa88f20","10","No"
"0x8496a90040cd99f99fae94f7d467c6f669ca4570","10","No"
"0x852ee519d3cd3a55bf16b9b500f04dea598a1772","12.2144291203447","No"
"0x8577a334047662686310c755c551659d4d6d817b","10","No"
"0x85f66dbe1ed470a091d338cfc7429aa871720283","0.0134706232051715","No"
"0x867df8ae5fbe11bdeb0c6ca5f116dbb8a57b51d3","2.74985893451236","No"
"0x8794c5578761de3050e7cd024aef623703e22deb","8.45337947729978","No"
"0x87d9c2d9990a9f3a18f1377ff20d9945f9eb3792","10","No"
"0x88121dc335c91c7270d60b12461f534a5de6c176","10","No"
"0x88a7085df6c982d0ae9f7fb05177deaa2b8a1897","10","No"
"0x88bf5a2e82510847e5dcbf33f44a9f611f1c1df5","4.18926760862893","No"
"0x890f566385c9b5cc6d302208044c4105670e440d","10","No"
"0x891a38bbf9a265c4b81064b5f393ba18f7f6bdbf","10","No"
"0x896b2797442e7066f2e46959a0b32398999fcc0d","0.0178742313467362","No"
"0x899b2d61a5943dd2452cbc9ff5d158c63a2275dd","15.0498462814924","No"
"0x89ff36c7423ccd85516b4bde461376f804ece2b8","10","No"
"0x8a007aa8efba8f6342ff2689b887de567865c611","0.865081214794344","No"
"0x8a01c36c1af154e0573bbe155fe3a053e3d3ae78","4.7272298147861","No"
"0x8a53b8b59877df193c6dae7b8d1d38251af563cf","10","No"
"0x8aa4243ef5fe3d6ebe375fa6d47a710266cb0caf","2.93380902941367","No"
"0x8ab83d869f2bc250b781d26f6584fd5c562fdd9d","10","No"
"0x8aefc62338b21165396c4ed03c49dac29e3fba7f","10","No"
"0x8bc8b4e4921101bcc56ec084b906069b73de7276","4.57569686882446","No"
"0x8bca9f3016a33b1e34135d5f536e46ed541f1a28","10","No"
"0x8bf64312be1d4e502dcc0533d5cadf0a4f8d551e","10","No"
"0x8bf8802f566f9a64ed946e7bc307f3c5678db5c5","2.78391982605865","No"
"0x8c0401f98d71d738ee93d81b2992285794fe9e5e","0.248201727594001","No"
"0x8c4bb998e72e90bf0d82b949e9f05d90ee4685db","0.0577714191357822","No"
"0x8c7dc90243fc7984583339da8df0a5d57ec491db","10.622","No"
"0x8c80c1fe10912398bf0fe68a25839defcaef588e","12.2101776451466","No"
"0x8c82c349e349ffd9403c3984cb1ad1b0f76f7d2e","0.04","No"
"0x8cafeabffe4c9807525a99d3e0328b44bcff2a41","10","No"
"0x8cbf7a00de4327f173c2a83ff8a6ff63ddadbcf2","5.13813202333846","No"
"0x8ce17ff2c7376e9adfe9c63c47a801097fa6c525","10","No"
"0x8d0ab7c48602578d6e93d4358f44b669ab68cb00","10","No"
"0x8dac0b5ebf7f543a1ee7be63d0e741f150ba1c97","10","No"
"0x8df3e0b89ceff88af367c17423e4ef2f3543a8d4","0.1","No"
"0x8e8b3e19717a5ddcfccce9bf3b225e61efdd7937","7.9256014768541","No"
"0x8e9ff020557b7b0fc0c025b3bc4a06eb3606fffa","10","No"
"0x8eb354f1cbb0ab7ef0d038883b4c1065e008453f","10","No"
"0x8f70b3ac45a6896532fb90b992d5b7827ba88d3c","10","No"
"0x8f862ce117a3feebc1dc364e02db35ae125d7f40","0.062875","No"
"0x8fa77e0e678d0988e060ba7c2be9f5c21e8c963e","9.999715888201E-06","No"
"0x8fad9c07e4b3357073bf62ef7d091bcff4ef4011","7.43908071800162","No"
"0x8fc015f2cd9707361528bce580593f6fc26f0adc","10","No"
"0x8fe73c1ea1d149cc654d66143861875c1c29d077","10","No"
"0x90f1c47897173df446cc7e3cbf3294a8c8bc40c2","2.74188150549013","No"
"0x9118f45d7ce829e2389a2e79c39ed1866053bb38","10","No"
"0x917aa1fe4ee8154ce8c4eeb8f4768ba615245799","10","No"
"0x91e41069f5300128bbdeed94659a3fe28499ff1e","4.54997222334664","No"
"0x921f80499a00ac6e95aae0daa411d338f41d5da2","10","No"
"0x92237f6261db6081421da708f1c0c58fd784e6f3","10.2372906764848","No"
"0x922803fb3d6adddea0d4aa76fdf4acd8252a8d1f","10","No"
"0x922b053415dae8eacb3f2d9147601efe9ede8c97","1","No"
"0x925eafea2cc8eb6f747624f745db3ef0bf5a425f","10","No"
"0x92c353ef12e5f839b4e9735403eee92059f83508","10","No"
"0x92f77df1bda3bd38430f05d17e8e6f0cf1b57e3b","314.179944095482","No"
"0x931292c42a5f600e80d75b7c7743f0164240882c","10","No"
"0x9317f8d68d5b21bc561b51b995db858bb0fb40b4","9.899925","No"
"0x93186fefb1824d32667e3a8dd1c3ba16dc71d033","0.9718","No"
"0x9348dbd67999e09f5448cf8444f0a72fe0072247","10","No"
"0x93b993c386dbd1665bce76b13bb7ad9a45d6e214","9.9853575352348","No"
"0x942fec89e62c34ecfb26694654bec567fbdf68b5","0.87384581216833","No"
"0x945add11d1d6f179fb2fecf1521495a747010afc","10.9198198722449","No"
"0x945d5bcda8dcd9cd8b221fd23cf4b6c0e7e50bd5","2.99172775","No"
"0x94d8bb9d573b66f7d212830cab060f91a322db64","0.4673136808652","No"
"0x952c23f8f067a5e7e165ff0e42491f51d87dbc95","1.79961","No"
"0x9534913cad2715dfaf1bf5c3d25eae6a9ce8f39f","11.1267023258627","No"
"0x9610cc87fd506d3d964993da5bb8f260e934b871","0.240881801910791","No"
"0x963fe479fbe5393f7c762e6ff48d45cc25973469","8.8890193734844","No"
"0x969a524dc7e46f0def44352c11b2296d37ef6e23","10","No"
"0x96c41b3d5e2b3f26f46b21022a17d72dbb3fa760","0.00264512016915999","No"
"0x96dc89dbe84970ee42a2f0b35fb50599e6745ff8","10","No"
"0x96f3a28836454108f542d8be888625375032abd5","0.102384352025095","No"
"0x974ab44b53a46875e4cf0471faebf35b2f9d8561","10","No"
"0x977a0bf9330c59ee9428bfd32b3dee9ba007ea89","5.74861234546264","No"
"0x9809349aaa95a949d6e3ea3f4909340a78a748be","0.0009","No"
"0x982362a92b8488d164f5a50496fd3cf408537871","10","No"
"0x998aa550c5f3b39bc236798fca15290da15e215b","10","No"
"0x99c12d799e22acfbf9b627e074f515d30c6d6f6d","0.0635792336915825","No"
"0x99f8783d24f5a5ffb76ae8882228f038fb6c8460","10","No"
"0x9a17b959188980dc6667eaca3cdc8738aadcdb3e","10","No"
"0x9a1e8645dedec6d45e2058d031b1ca97f815bd2e","0.009515","No"
"0x9a21fd004fb037a70a957e39ea622859bb562a32","10","No"
"0x9b15d1ba965693087dbc2603febc0d50dcb5caae","10","No"
"0x9b458316b2a460108b5883a5c76c4a712600d721","10.5565477388352","No"
"0x9b616ac1d31f17be9b23560d93699ca7732e2808","10","No"
"0x9baf7c109c2da569730ae8904385665509e7e3b9","10","No"
"0x9c2ca1db45efe8000f0d1198c735e9e5351c184c","10","No"
"0x9cc7474377da9c8fe6aa6bca8494a74bc1a88433","10","No"
"0x9cf7adeb14c2884a37546de3f15cbdd832d4e05d","10","No"
"0x9d819695056bb1a372f9e715af5ec4c79595b67c","0.702447747090764","No"
"0x9d9827af75601cebf3eff1b93d0bf52d41e075ad","11.7407240499628","No"
"0x9e3144d34eb9cf57f9a217fbd2f98fc2195d5759","2.14386552200009","No"
"0x9e42997109143decea3a2cf0b1dd8204c69aca86","2.07482097701245","No"
"0x9f32fb1c43a02b338e4345dbbf98eca5c58b5614","10","No"
"0x9f5141e8715c6691e75188bda726df54c14721e4","0.085903228708337","No"
"0x9f5b8f8fcc32712d32644add0b23978d56af3e2d","2.70052103880202","No"
"0x9f917290249608f66cbf666596bf71d9d1632d9a","10","No"
"0x9fb438f1a292fbdaf4f569a8f2e2e2972c0172ec","0.561405654737539","No"
"0xa0093807d2c35018379522d4747944b001250553","10","No"
"0xa0137bd5395922ce6a264d3c69b7233100b7ef7c","10","No"
"0xa02cdcdd24268984c93cef0e68aad0b17e72b56a","9.96294159746322","No"
"0xa03658f7d84c1d269a708f0847f7afa0e53c65d2","10","No"
"0xa05a2e51beb7fde2c8cddd4750926fa6ca02b769","10","No"
"0xa07d75aacefd11b425af7181958f0f85c312f143","10","No"
"0xa08a327d9fb9f2be150dd7b7c20f077d3a997feb","0.440097588786518","No"
"0xa0beaa6ec671f4cc8b6d6ca52c46d6c252f525a8","3.99205","No"
"0xa16ddd08c7bec434a53f14952a51611a6da086bf","10","No"
"0xa176574d000b6c0ebd512397a7b8a6f2ec1716e5","19.968966625","No"
"0xa184cc62fc6c6388341d436d9a5aed88da371317","5.88488","No"
"0xa188525a74af376c440194d39457a3520d916c24","10","No"
"0xa1ed36fe9e4a32737472ea0dd632825e73cb2943","10","No"
"0xa2311e75bebdca24a3dfab4c50aae4988de1ace8","8.9991","No"
"0xa25f2d38cb91f53136c25e553641e341d1cbd07f","5.37826089259755","No"
"0xa2917120c698fb5f2a03e3fd3524bda85a3eaef6","10","No"
"0xa2e7002e0ffc42e4228292d67c13a81fdd191870","20","No"
"0xa3017bb12fe3c0591e5c93011e988ca4b45aa1b4","1.59513026083901","No"
"0xa3c277b8f35881cbdb017e52bcc376b3ce8f21da","10","No"
"0xa45080b1d89d9e0e848ae05fd942ce24ce9c3ca9","10","No"
"0xa47636f56e0638bc61fd40034bf84eff600d9a78","10","No"
"0xa49b22e13347d1355d72c1dfcddfeb0803edfee6","6.36977666230257","No"
"0xa4a4bc5b32ee23c74c7f638f93e436ea324fcb7d","3.9865","No"
"0xa519843b6db8d0ed736501bbbb42fa298731da75","6.92348248174804","No"
"0xa5437c9d2f62f79ae22b1dbd0a735feec7cef6a7","10","No"
"0xa6a2b356718faf8cce70e78f06712f1ce5917d04","0.278826306181836","No"
"0xa70a2b71e99cc4ae739c4d848a15dfa8bf2f1a4f","10","No"
"0xa811698d855153cc7472d1fb356149a94bd618e7","118.7516087","No"
"0xa8118f0f761eaaf894fb3d54443c9622e191e32f","10.1219356174967","No"
"0xa8169bffcfc29643781d5d2d0d10cc7fd66ae377","10","No"
"0xa83183117230bf2067b27bf9c2a16387d29cd72c","0.00846353989674187","No"
"0xa878f1f087a5e0d9e63ac9ccd7696ef97cc646d6","2.68288097540578","No"
"0xa880952e92e92c0531a4438f664e7682c8a7e55a","10","No"
"0xa8ac7c77179e396cd6f3e3a5d61701bf99055e08","10","No"
"0xa8c4e3ce1743d0f2a6c227548c982a7c40569940","10","No"
"0xa92a40457e419c5ec245a646da09112cdcc6cfb6","10","No"
"0xa931d7bdfd8cf6506ccf8e873e6fc60dab6e5a66","11.0087678680784","No"
"0xa9f078b3b6dd6c04308f19def394b6d5a1b8b732","0.9736","No"
"0xaa163c47065c22d17ed1c47e3e244337d2056c17","10","No"
"0xaa21505a90f5a5d1e40c39bd719f1b3bef843cbc","10","No"
"0xaa4caa80ccc1271012b19393beded317af86ad61","10","No"
"0xabf228a632fe4340e18d76b89e6fd79352290b5b","10","No"
"0xac5cf02051fd3aa995d9b7195d679242186d2f05","13.2947990941123","No"
"0xac5fcbed890eeeaabe00f1aa5a79e6ab252cc278","449.7631","No"
"0xad192a9eaee1e342cabb1cd32f01de3b77d8598f","0.0849871936574751","No"
"0xadfbf9eccee2c330d7a045fb5533b978ff5ff2b2","16.1197688995519","No"
"0xafc68fea4556ce538a27804ae82f7e601df38bfc","4.990625","No"
"0xb02013e41174b660cd3ab62a24c826f8067597c2","10","No"
"0xb0493ed6e24b7831d4d6202132137d2d949bfe2c","10","No"
"0xb0a1de39db0185cae006f723191de857e984a04e","20","No"
"0xb0ddf2333994fa9549c07b839fb16fa51046d9e0","10","No"
"0xb0fecff8ab2b45778cc022f7f0f98d0a2b0133a0","5","No"
"0xb11269f9768a60941ac42ec046424ad891147330","10","No"
"0xb1328907b14700379905d6d733fb0b31e46f3d62","0.96625","No"
"0xb1347a841dc16a18084f2888ea5e1dde92422c7b","10","No"
"0xb191eeaf7ffed5bcbe5febdeaae562d753e6c5cb","10","No"
"0xb197bcfd992ed6c07effe2ad662d63706bf10762","8.99625","No"
"0xb1f72d694711fce55c62ea97bd3739ff11cef986","10","No"
"0xb2e89a8f93cedcfae23304a3615a64feb0e02514","202.920069927694","No"
"0xb31d222c23104cbc2c04df77941f1f2c478133dd","28.6120940625","No"
"0xb41b47346fb761d3af5e3c0ee6cd3b75a9c12c42","10.8371507803843","No"
"0xb42573ddb86b68429c8f791ed0f2b79d2ca95588","0.830625351623969","No"
"0xb439b0844d0d9af237ff37dc2379f07b6cd06171","23.3599735463913","No"
"0xb46bbfdffb490c45572df5b199de8efff1b4fc8e","10","No"
"0xb4d8063b3446cec0c536208807241767a0ea6d18","10","No"
"0xb5bd8e4665168de85ba69aa3aa809bdff234eb8f","10","No"
"0xb5edccbac9484d9888e944890f08ffd2478c043f","9.17613405044994","No"
"0xb674f3fd5f43464db0448a57529eaf37f04ccea5","10","No"
"0xb78d439ba83baced629310207a215900e02d84a4","10","No"
"0xb7e8214233520815908c11f13dda142c2271ebe6","10","No"
"0xb92505a3364b7c7e333c05b44ce1e55377fc43ca","14.0695307628565","No"
"0xb95ded7b3a695e31238b7a12af463df087f848b3","10","No"
"0xb968dcad041665fafa8289177330300c01c0ccf9","11","No"
"0xb9b13dae081760655406366871022e99c8bff4c9","10","No"
"0xba3e338fd394278a79d7295c0306663950b6cb27","10","No"
"0xbaa32387bd55553ec806622d524b12bbb8242a19","10","No"
"0xbaf4372857ea838a9693d86421d12a4c7af91985","8.65995476305962","No"
"0xbafa0473d874776a59c2542556c2022035eaf3ba","12.801024884062","No"
"0xbafae6afa1f7b0001860f627354130c859031b76","10","No"
"0xbb069de5fba70ceda030371279579907c88a8189","10","No"
"0xbb3b3eb4c4b2a13b288f194685cf61981f62f347","9.01947505033232","No"
"0xbb8fb8fe5198f25d117c0e7b1b9c8260cb19c3c0","0.129974657510511","No"
"0xbbeb825902b70063c0bf85717ed6207157504177","10","No"
"0xbc1eb4359ab755af079f6ef77e3faac465e53eda","10.0026793458197","No"
"0xbc443021e85837ee92daf1378a2209a2c23a0062","2630","No"
"0xbcdde113e0be48145d119f6ec87a78582cd1398c","10.7792899887043","No"
"0xbd5408beed525d3cb300bbe001008af9bd0be359","2.77007315699022","No"
"0xbda9a3c241053bdc27423e6ceee83ba0e26bace2","19.93993625","No"
"0xbdbbb9935cb25d14fdc9494aa4f6abf5a5e6aef5","10.3517264126759","No"
"0xbdbc9751d73f29cfddb285eba08ffdb7b3395dfe","21.3268419777652","No"
"0xbdf81b19af7848f7384c38e68208885ff0c9f390","10","No"
"0xbdfa4f4492dd7b7cf211209c4791af8d52bf5c50","9.9925","No"
"0xbe3c90d34b757587c62852dcd57f7c8e1bc5547c","10.6635246393279","No"
"0xbe9d9bb2261633a23a3fdf995afc5e9be5adc947","10","No"
"0xbf1456cdafdd434d11f5d29dd00115bfae9cd873","10","No"
"0xbf5edbab8f97e72aa2ca51f51073f5fab030a7bb","10","No"
"0xbffade145d1238a3ada4b06936c07b01c0931ca9","10","No"
"0xc02a84ce429be61eda2a25b79780d3f88c40de8f","10","No"
"0xc070dc5ef504970982570ee0072e235f21a47029","5.63840245191462","No"
"0xc08b45925a4dd11426093c698d700b9023b4e3dd","10","No"
"0xc0bc7bbc9afa9b0577d10bd3eb636c8d3ab841d3","10","No"
"0xc120ab7977bdda3b57f191dbf41a1af7da794baa","0.570410344966538","No"
"0xc16ea9789540deb48be00c6f1da0261b1dbcb655","0.0089","No"
"0xc209cc607c81ca7d8c0bfca7bfd6144c74a7e238","7.3140101853363E-05","No"
"0xc22db9b1596d52c204919d39658801287956b688","1.125E-05","No"
"0xc22fa161047135dd0a0bad933e85c20020b69023","10","No"
"0xc28350047d006ed387b0f210d4ea3218137a8a38","744.723881875","No"
"0xc2a08b4db6776b1ecddc413436a3b3c0060dde85","10","No"
"0xc2d14c396822ba325aa8c8d0f6213828cb69d925","10","No"
"0xc2f607b2f12b0e67ea00a787ab6ecea7d5cce62b","3.9865","No"
"0xc35b9b6990c4daf088ad44036a42b2c3d6466687","9.02991937060186","No"
"0xc3cb47f1d74abc82cc9acd748c9c6714f9c77eff","4.9946","No"
"0xc406bb4edd8392ae8ee436c085e74501e32ad90a","10","No"
"0xc412064fd63c08e0df1710adeab0545c128426ea","10","No"
"0xc431a2f43443a93d3ea449dfcccb163c0a628148","10","No"
"0xc4a6bb5139123bd6ba0cf387828a9a3a73ef8d1e","8.997975","No"
"0xc565ca5746ed202304601fe804dc4d11e008b4b0","10","No"
"0xc5ca34c2e5a2330c086a49fd631b628aa4e17d6e","10","No"
"0xc5e3eb76468e90aa77659c3f1cf643dd0979fb42","10","No"
"0xc5e7184d2807b21726d67dd05b6c3011f9c5dca5","8.494375","No"
"0xc6571c2fb66825f13b7751b1c334810d397618eb","8.95452082229272","No"
"0xc65ebcf5ce433f7e7dbfdbc98aa948dd5bd381b8","5.7541494597791","No"
"0xc69bb234bc00003941488ba9ad6536cf62e5b653","10","No"
"0xc6e34e7bee3c459c99412ece5ec409caf4c9a372","10","No"
"0xc70c99c1485eccc693e434433edbf5c27f937499","10","No"
"0xc7229cbbb10dfa06e0cade96c03d9128fc80d1fd","12.406373118395","No"
"0xc72bffc9738f03fc1f43bf7d1f9c1dd3a6ff03cb","4.47306520534784","No"
"0xc7a29121d3bd53a53a4bcf421d65f814fe5e7cc9","10","No"
"0xc7d155feaa493d3a5037299bdf15624126931a77","1.36323250708452","No"
"0xc7ec028c706ec2fcfdcf66bba7e80ded634f6ca9","1","No"
"0xc7f91e6650fe21791b1f8af864ed019b6853294e","0.48425","No"
"0xc806ced96a88fd3cc54fa4616fc8e160ba76490a","10","No"
"0xc8c6bed3c421d3b5ddd0627c7d3ad1f95eab2d67","11.5344491435164","No"
"0xc90b4d703928dbdf528b9f56d4de40da4367038a","10","No"
"0xc974105f901f97acdcc5b2c13faf729da97b340a","10","No"
"0xc9e704f50000aa78cb3830586b94e27c3755b87b","10.4202624135118","No"
"0xca41a5fccf73d0793bdf8657ed4010ec40f10f2c","10","No"
"0xca77380d0caa2d2eb484a4c0c92926764ca9587b","10","No"
"0xcab63fe1c73379e81c5d078169d1165dc1009fae","10","No"
"0xcaba2231bc28f0fce76fea1f97e4c9225899b4ee","10","No"
"0xcac59f91e4536bc0e79ab816a5cd54e89f10433c","0.979075","No"
"0xcb53a818042db647cb01672751b0e4efca29cf55","0.505331667655081","No"
"0xcbd160fb58398749c5f731e1d08f21dc1d728168","0.062875","No"
"0xcbf117347a27a1478227548dd79948b8feb89aa6","4.98725","No"
"0xcbfecdd87173f2b2cf63d5c36c78b680d2ab13a8","5.93531727664344","No"
"0xcc3c062af803aefd8f0222e4d33dcc4822a49ed0","10","No"
"0xcc3e93eb550453b80f1d31c13d384064add449cc","10","No"
"0xcc49a6d063ba72929600d1ed60d863a540b2565a","11.1084790258704","No"
"0xcc7aef45ade774f0db835400b5fa58c7573f75d6","10","No"
"0xcc959de52730519bd55d99ff3303d7992393504f","2.23767596831722","No"
"0xccd645835ca0033f0c1106e7b24f288e59e867e8","25.00448975","No"
"0xcd01a3aced67e266be21117376c7025b384cd4d7","10","No"
"0xcd435c1b112a3a0094afe8374312124e448619c1","7.10939552534539","No"
"0xcd51291e5c65c3b939a58c38ea6e0d6eea46b290","7.42267144372009","No"
"0xcd7f6b72049c3b54416f9f26392cb271e74ca3fd","11.110861238627","No"
"0xce111c91cac3f95f38f5d3f724ab9f257b31047f","10","No"
"0xce45c64911bd0a088daabd73ee1bc09ae98cd84b","10.0520475","No"
"0xce485e854ef129d13dc1e25d103412bd25e97904","6.994","No"
"0xce5d8af5783afd34c71792280f0b53a67a2dacd9","9.96824331455216","No"
"0xce5f0475a1663a892fd43a44683205b849f762aa","8.80180768421962","No"
"0xce9d2fe3515219124bfc14d768141cc9e534109f","10","No"
"0xcf10b967a9e422753812004cd59990f62e360760","10","No"
"0xcf481a51111d8348b88e65757831ed6cac2f8c39","178.430079421961","No"
"0xd2acb1bbd0c696051e1c55cf0d561b40a8509c19","8.99925","No"
"0xd31d839a569caa378b94e78fb2ea050ca2c2239b","10","No"
"0xd370d39ef962d504e661d75f28aec670eb703468","10","No"
"0xd3aecf9e0856822bd320873e905ae9f78a2977e7","10","No"
"0xd42ccaa658d460b5dfbcee6bbbeaf1b6667a30f1","1","No"
"0xd4bbe225b6a92cdadc69301dd54c1cf0e437b659","20","No"
"0xd50a89b8f99eafd815e1f552522632e673d1f73a","10","No"
"0xd582bf4e7a38ccb3990f86b48de6ca78eabb0d75","1.67765715637444","No"
"0xd660050186277313c9be1ba2c47a0f71ec4c9311","1.01207389862822","No"
"0xd67e0a40ef741760eb3b34dc39ff2a9e8b062932","10","No"
"0xd6f7a9053573982d3c5706f9577dda8beae0897e","1","No"
"0xd705eab54190c7943115607f2b7573e115a413a0","10","No"
"0xd773e2f5b5ffe1a8296984e53015d803ef989bb0","11.7805514894557","No"
"0xd7814cd2b9f140f49dc9f1122adcf299f2269166","10","No"
"0xd7c9569959e7b52d94a65bf083581a62861f0e33","10","No"
"0xd7dd9b2af7eacb2db2b62d12da17bea9ff07770b","1","No"
"0xd819c62dde216ef3b508d348542b59477efd606f","8.05758092568881","No"
"0xd82a6f02a5620e516ce5ff5acfc100f64597bee5","10","No"
"0xd8ea42f2d1e1b673bec0fc77b67e72d4f53cad26","10","No"
"0xda0a3c890603ae8248df00bdfecc49a94ce2dac2","0.348517042188313","No"
"0xda23e435c4e7a0df51f4a97210d0f9c6535483f4","1.70559375","No"
"0xda2bef85c37390534004ed7020eb6ed70567b5c0","10","No"
"0xda3605d79bc9e6ddef9bc8166c922cf7fd7c01a0","10","No"
"0xda40498497ee033e67f1a109d028f678e59796be","10","No"
"0xda515bf43ec6996f0d7a9dca2935a07b30382cd9","9.52218007301344","No"
"0xdaa42df87c233d058543640e3b3c72e931c51c5f","10.2474729840626","No"
"0xdaf741eaf9d0b156414662647b54b463ef5e0122","10","No"
"0xdb143226f05d26a43603a47c94af7e45f8c26928","3E-18","No"
"0xdb4084237cc26f849a067e30bec92eef939d7378","10","No"
"0xdc1e9a21b7ed8dfb87c997e7d0405e2cfcfa8938","10","No"
"0xdc826ac58a5fa9f4f35aad8ad6b679fa2f9fd6dd","12.8184982646538","No"
"0xdc92f758986cc62a1085319d2038445f3feef74b","10","No"
"0xdd15553673126d386f9e735d0cc56a96e59cc095","21.1117866769747","No"
"0xdd545bf74859e7ee392dd4b956ea091d6311f6ad","8.22177939120811","No"
"0xdd594463a4a809eb8bdb0f15b060aa38573f6a14","9.68813546448888","No"
"0xdda12d59b22664f948aa07a6babfa0d8fb6be782","10","No"
"0xddbc53acebf60f8a3cf677f742ecb440ed040143","10","No"
"0xddd8c983560e5178f0d22834249fad18b1941891","10","No"
"0xde013b8cced7a7fce0a54c455c108edbdd3a72a8","0.00122277629518104","No"
"0xde2fd50c56668d0e6326e32397cf5d8cf7e3bc07","9.32924839787881","No"
"0xdec6e89ed3d1cb512ffb6d0b92002f4da99f77a8","8.99978259843014","No"
"0xdf128735e24ee88ac93570dfa950a668bfb9bb8f","3.85746145015629","No"
"0xdf67361193d52ee42cb759eb98ce2c7978dd440e","10","No"
"0xdfeddc98ae6edcb5f63178a8589f41b6477f6c42","0.346447206254626","No"
"0xe00e7d9ffccf63edddb0c8f16e132c1756229487","10","No"
"0xe0937f90f13c0480a50db905d8649b10c30c7def","2.8645E-06","No"
"0xe0c484c905da1488700270f8398419d8b84915b5","0.077725","No"
"0xe0c5c8c0247113a2af9932b5b6266ce1c45e2d72","1.30935218840761","No"
"0xe14a13b8eb93b6569a748ea57a1a97025fc82be9","1.02491542453603","No"
"0xe1d140c31926c6fe0c112243f8cdab78a7187cb8","10.0105957825284","No"
"0xe2323d9d39226b69fafd73f7c20395010b0cc6b2","10","No"
"0xe2c72dcf60ec2892fd3002561b730b8b6c750eed","20","No"
"0xe2d8eda0b3a0717f7a465b1febe6021b9b8f7025","10","No"
"0xe3167009ff99d45183da7aa9cd2d29dc18f4f5f2","10.4415905052074","No"
"0xe331b5a8f814cee021c2a483122aeeda1d60db55","0.72428842105","No"
"0xe37a6e88af2a5dc2a86eeb6a03acfb1ed34969a5","10","No"
"0xe3af47627add841122439d0c93264fc541ea9a13","10","No"
"0xe3b9878690b92166cf4ab71e6935bb4ecb1ee83a","10","No"
"0xe3d44b0be18f0a0d703fdb07ece2309ed2c698b4","10","No"
"0xe3e202b2cac2b3ec41219c69fe0d2352b19cef69","1.97","No"
"0xe41e2e8813ffbb2151f34944f563585644fd206b","10","No"
"0xe421b5c6680bb06f25e0f8dd138c96913d2c1599","10","No"
"0xe4518c427b210e950bb1cfb207e04d9af60f919a","0.96625","No"
"0xe48fe6012f97b6a13c0ce5cef314caf66e972deb","9.09402865228638","No"
"0xe4ec13946ce37ae7b3ea6aac315b486dad7766f2","10","No"
"0xe55c69cfd20cfa25651c72b84383de6104104eb4","7.14715915341708","No"
"0xe5691dfc88e01c16f46560e1a5e6a5ebf0678bf9","10","No"
"0xe5964fd10170c8291cf97552284d995a006e67ae","10","No"
"0xe5cc7b86bb776f9ceaad80e6d9e1ceb6ab48bb7c","35.9473578634334","No"
"0xe5fc9766a03d63b85ca885db5030345000c739a4","11.4591002858125","No"
"0xe63e5ee3112e3b78351e051ab07645a682d9a6e5","10.8608122621161","No"
"0xe64d330cc8654520815aa3ce90613d89b855e3a0","11.2479333062554","No"
"0xe65117382eed1d022f68cb1583dc6f95c62b8ad0","11.0512483252744","No"
"0xe734f453116b31938dcc4c14d828a3185456c6b2","10","No"
"0xe7546ac8bf80e14f70716149496280b6bb62977d","0.080124865175","No"
"0xe76183d03fcad988f74a2645c122b06b467f6649","12.60728654163","No"
"0xe8e491bd223d70c125db45fbf233a293b83a2070","0.566614081606379","No"
"0xe9945b3acbdc2f9dcad8871f01aa9dabbb20d882","10","No"
"0xe9e20bd38bfc5df4bdb1846e16c36e23afd0c347","20.0390124573571","No"
"0xea16d379883c83d4b2a5597431b15507145a124e","7.31754905422886","No"
"0xea91b0ede5f7c641d9723bef624480e9dff6f8a7","4.9828808732586","No"
"0xeabed8538923d8b8e0616938f8dc657f3cdf74c6","3.9955","No"
"0xeadaa45fc7e8912d8aabf415205830f6b567610b","8.79274890032198","No"
"0xec0e86cfc63c75cbfdf18110472f4ac4b6506938","10","No"
"0xec1625f0be12b31d8edfdd165f7750ee4630a475","5.32644903773403","No"
"0xec6ba66a6d19fc4b6e123fbdba59e310d6d767e0","0.16325","No"
"0xecc476bbbb2de702caa5701b09197d5dc2e0b155","0.062875","No"
"0xecddbb970405880287ed7c7efaa10f14ebeadeb4","10","No"
"0xecf8eb16cfc3e128914c897c5b1337e14a28f9fc","10","No"
"0xed6a6de0b7300d2475eb9c7b847fd3bd0fa712cd","9.95014304148189","No"
"0xed99ceea3a04bcbaf727a943f8dba010a8271d96","10","No"
"0xedb6ff85fb22c5747fdc95a8f167562e8b093525","0.01","No"
"0xee5ce06accce11bc77c5a93723c8032d9108f22d","9.38042469902079","No"
"0xeee072349a531cbd66ba9fd1a6d55197a1fc022b","0.284783580738787","No"
"0xef6ea3561845e7fd2c601fc8ee6bdd2b11b7b724","20.0340137532866","No"
"0xf0607e43f7fb2c888324deab09e34e4abfee6483","9.99899625","No"
"0xf09b679e6bccd1207791d3305fec5f12f7eab939","7.2272912623438","No"
"0xf1bd1ba79cb515ebb9dd97eecfd0ba1a041df4b0","10","No"
"0xf20156bc371a91f3394569eef3be43db3e110833","10.4063906320395","No"
"0xf2714187b41410df627ba43e9ddc994e45608563","10","No"
"0xf27cd446a6539a6bba47bb56ebe76f1a6916b237","0.0062875","No"
"0xf2f94d2acd63f089e2d9e82bc8edb0fbd40a28fd","3.99175","No"
"0xf38746dc80af641247f4ca11ece611696806d438","10","No"
"0xf3b23bb212567c174f356437f98544bf13164436","10","No"
"0xf3d476566bcc8e882a3910f1471428522449d89e","10","No"
"0xf3e112e0c32e7a30da87517e98a22103ade76d01","12.886010329869","No"
"0xf3ead443b82df3b6d314508f93e53b29168be098","9.99999000028411","No"
"0xf40281a8df0366aa6659ebdbdb950e5e4ff7cd59","10","No"
"0xf42b1e66d4915a63374cbea55ad6fcdbd584d9a2","10","No"
"0xf47195a686f6fbd17fc1ebd71e8981cb59dddfe1","10","No"
"0xf4905bd17982966bb4bb5faac8cd117be8a59ef6","101.455462965756","No"
"0xf492b28cf8d43b42ca0bee2205f53ba1001c3237","5.01354119044777","No"
"0xf4accdfa928bf863d097ecf4c4bb57ad77aa0cb2","10","No"
"0xf4c3cb1f1f0823e8fd6d60306ed8fe72bf999778","10","No"
"0xf4d401922daeaed2a3d3f624dd14064a9e92b02d","26.7252608812795","No"
"0xf56838ba08fd92c81210b668fc4bb8173f27f6c2","10","No"
"0xf5793f0affadbf3421a775d4e101f169c8abdc8a","10","No"
"0xf5a93410e7e32bbf28a8eaafbd7f241cf0b290fb","10","No"
"0xf5dcb2a47f738d8ba39f9fa2ddc7592f268a262a","10","No"
"0xf6aa21404f079e8b8e142e91fd408a86713dc087","10","No"
"0xf6cd2c3a803054c0a9934e6c8b01e0d17cf71778","10","No"
"0xf6f819afc58e38e262b1d0968dece99a7df5c2f0","10","No"
"0xf77e60088401d82e67b42e1f04eef53308cf4a19","12.7841996688788","No"
"0xf81d2640f5c1ce692813db0bd36f0dbdd361a333","14.0634858428621","No"
"0xf8926a177273202755f9fa930c96285e612375ac","9.0122654028897","No"
"0xf89e388d02635f2a9b8ab567618940829bd9af07","10","No"
"0xf8a09bf413576a2e8b406dae09732aae29a1c8d4","0.00677935709923242","No"
"0xf8e28e14fcd026814e644570d3925552659fbcef","7.0934","No"
"0xf8e58bb6d7897441c2b39d0fdf4d72a2635d8f0a","13.2065403636372","No"
"0xf9022e7d74cd05191e4814f1799db638a0025862","9.81445430468959","No"
"0xf916719c7251e109cf3d1a977b6cad198b630c32","19.85982525","No"
"0xf9328adf2ad24f0a411dc6d67c5cca9cb2b4c286","41.2923924222953","No"
"0xf94f09d6c70fbe858ddee63f2a24848b321a0ae4","10","No"
"0xf9868b3960348194371b8ca4fe87ca7de95e40b6","7.61608371454546","No"
"0xf9e67e79d364c6b0f65b789deab8130bd708c9f9","7.44263127844612","No"
"0xfa252e4e31cd8a440224cef68976280bea1dea84","2.66307804842137","No"
"0xfa63a0cc1c26a78bca88991f15ebb6689f60b3ec","10","No"
"0xfa9d5db5e803c09327ddf7d28102cb6790e9f4e9","4.64757559063542","No"
"0xfb1b7ca77e35441ef5c82ea88eb42841179a3066","10","No"
"0xfb408fa20c6f6da099a7492107bc3531911896e3","22.0247364346232","No"
"0xfb40932271fc9db9dbf048e80697e2da4aa57250","10","No"
"0xfb4a5ae508dc15e2e1172bae69fb8ad18cc81d73","11.0378089218194","No"
"0xfba674dbbbfafed6da9895051e5204de824325b9","9.22916568715723","No"
"0xfbe8433e5190ad77a7531c07a462252621775b80","10","No"
"0xfc91f727333fbb224a6c78839463b0f372ece7d0","10","No"
"0xfcaa20b2c3036397118734b3d70c58b64108c475","10","No"
"0xfcf2d8dbe2a5ed88739b4658ed8eb10fb3512c7f","0.0700501476577716","No"
"0xfd14f0d1bb8457397a3b74fa75b3e39bfb4d322e","10","No"
"0xfd2921acb6f452cf387c788a987113ba61e78a1a","42","No"
"0xfdc46fbdd8af50d9bf7536bf44ce8560e423352c","10","No"
"0xfde3b96ad8d5f8116c4e646909afbed4a6104004","6.345930608901E-06","No"
"0xfe6fc5f5d89693d02dc938ec5be5f5b1f8b955e7","10","No"
"0xfe767cc71b60ba0165d948b0fce096ae050b9224","10","No"
"0xfeeaa6a2ae0d4a15e947afc71dc249a29dc2778d","3.01300525840175","No"
"0xfeece52a76af04b77187ab88d7c00310df0249fe","740","No"
"0xff1882511a5673194b252c35f2530562f74f47e4","3.19365066795577","No"
"0xff5eff0014d27ce509af4953bc4bcc365c8cf925","10","No"
"0xff65189d2c8f748d721ce310c6cff775bfa374f7","10","No"
"0xff75136079ab7cb0f13e472f92bac362cba077ea","10","No"
"0xffa13daf5b32e44758a5c4882f4df2612c0311b2","10","No"
"0xffba3167feaf06258cfab80f64d530c53aa5e158","345.696732057542","No"
