"Txhash","Blockno","UnixTimestamp","DateTime","From","To","Token_ID","Method"
"0x612ca38170830dfe22328c7e246e54bbfe672e2b50307ea2986a90b194bf5041","4746240","1642467990","2022-01-18 01:06:30","0x0000000000000000000000000000000000000000","0x36c8e1aabb2008e443fc10115902d1d336a38864","0", "Exec Transaction"
"0x0087f8d996390da608d159dfe7c5bb59d6abb300edf0c41dc0d83072b8130f7a","4797296","1642614854","2022-01-19 17:54:14","0x0000000000000000000000000000000000000000","0x36c8e1aabb2008e443fc10115902d1d336a38864","1", "Exec Transaction"
"0x57293174910aa69b3dc6d662f5d6d00c73c700f969a25779ab9a9caa15a36d56","4865888","1642787982","2022-01-21 17:59:42","0x0000000000000000000000000000000000000000","0xe5cc7b86bb776f9ceaad80e6d9e1ceb6ab48bb7c","2", "Exec Transaction"
"0xd17570f7af7e445c7341ae1576df910a216420a0066ccb1114df01b30a5da0ac","4886382","1642828483","2022-01-22 05:14:43","0x0000000000000000000000000000000000000000","0x94bc2fdd556f9c99dd93225df3e400a3399289e8","3", "Exec Transaction"
"0x37c2c7d37c379ce3f2028e1fd024f32b31237ec9721debdb68cfc8a211662938","5293042","1643660599","2022-01-31 20:23:19","0x0000000000000000000000000000000000000000","0xdc826ac58a5fa9f4f35aad8ad6b679fa2f9fd6dd","4", "Exec Transaction"
"0xb4ce1e2e84ee347f4732d74468f68bf3c18660671e52e1fb400b632343b5daf3","5293078","1643660763","2022-01-31 20:26:03","0x0000000000000000000000000000000000000000","0x703830e346936cb73fbbcfac3b543c1621a9d3f8","5", "Exec Transaction"
"0x2a63de6680e33a887cd47b7a7316599a40ef71fdaf45282af757f56aff076aa0","5293526","1643661761","2022-01-31 20:42:41","0x0000000000000000000000000000000000000000","0x3a400d822e1e9cc7f8b34abea0ae77de99d45eb3","6", "Exec Transaction"
"0x72fb9ab33a4059cbc78c168b78cf83416ab37d866bbe19953ebc9c25eab9125a","5293611","1643661955","2022-01-31 20:45:55","0x0000000000000000000000000000000000000000","0xf4905bd17982966bb4bb5faac8cd117be8a59ef6","7", "Exec Transaction"
"0x98db3f95d46d1a67f368dfe33e2a71fef7fcc557c68334c8ef81aac338f4c265","5703019","1644390150","2022-02-09 07:02:30","0x0000000000000000000000000000000000000000","0x483d25d45518ef52e4083284faefeba702b6ad35","8", "Exec Transaction"
"0xd4131a91c216f1307e47e33dbef563e9f0eeabc3220dccbad54043475cfa108f","5703444","1644390587","2022-02-09 07:09:47","0x0000000000000000000000000000000000000000","0x3c984f08981653a6b049983f4e31af162892d88a","9", "Exec Transaction"
"0xf5c8644ae479b93c9965a534e9d79a3e76348938db0e4e3ecc96cad47d5769e1","5703510","1644390692","2022-02-09 07:11:32","0x0000000000000000000000000000000000000000","0xb191eeaf7ffed5bcbe5febdeaae562d753e6c5cb","10", "Exec Transaction"
"0x5b6e2ca7404882c323e3c6f3ea07a533237c1be20a9d87b14fa0529f51898fb3","5717948","1644407344","2022-02-09 11:49:04","0x0000000000000000000000000000000000000000","0x9e42997109143decea3a2cf0b1dd8204c69aca86","11", "Exec Transaction"
"0x5908741adedc004a4946e37baeb6d26ae17d55395a288468ec4ad9a0174b429e","5732177","1644422329","2022-02-09 15:58:49","0x0000000000000000000000000000000000000000","0x22c17332f5527703d34121704c036d713418c232","12", "Exec Transaction"
"0xe2f069c5e9b21396b080157d9453abb7b14e53ae3a1c17f8c84d12e25428a710","6121952","1644946197","2022-02-15 17:29:57","0x0000000000000000000000000000000000000000","0xef1c68fb74782a63ca676e39887925bf38736ed6","13", "Exec Transaction"
"0x7bef1b01c6cc8815e0b0671e4af615f52e042f5bae2dcdff02fc9a55d66a13b8","6784359","1645679005","2022-02-24 05:03:25","0x0000000000000000000000000000000000000000","0x2a2e181cc177974c5d013240c34e1def1a3cc31a","14", "Exec Transaction"
"0x7bef1b01c6cc8815e0b0671e4af615f52e042f5bae2dcdff02fc9a55d66a13b8","6784359","1645679005","2022-02-24 05:03:25","0x0000000000000000000000000000000000000000","0x2a2e181cc177974c5d013240c34e1def1a3cc31a","15", "Exec Transaction"
"0x7bef1b01c6cc8815e0b0671e4af615f52e042f5bae2dcdff02fc9a55d66a13b8","6784359","1645679005","2022-02-24 05:03:25","0x0000000000000000000000000000000000000000","0x2a2e181cc177974c5d013240c34e1def1a3cc31a","16", "Exec Transaction"
"0x7bef1b01c6cc8815e0b0671e4af615f52e042f5bae2dcdff02fc9a55d66a13b8","6784359","1645679005","2022-02-24 05:03:25","0x0000000000000000000000000000000000000000","0x2a2e181cc177974c5d013240c34e1def1a3cc31a","17", "Exec Transaction"
"0x7bef1b01c6cc8815e0b0671e4af615f52e042f5bae2dcdff02fc9a55d66a13b8","6784359","1645679005","2022-02-24 05:03:25","0x0000000000000000000000000000000000000000","0x2a2e181cc177974c5d013240c34e1def1a3cc31a","18", "Exec Transaction"
"0x7bef1b01c6cc8815e0b0671e4af615f52e042f5bae2dcdff02fc9a55d66a13b8","6784359","1645679005","2022-02-24 05:03:25","0x0000000000000000000000000000000000000000","0x2a2e181cc177974c5d013240c34e1def1a3cc31a","19", "Exec Transaction"
"0x7bef1b01c6cc8815e0b0671e4af615f52e042f5bae2dcdff02fc9a55d66a13b8","6784359","1645679005","2022-02-24 05:03:25","0x0000000000000000000000000000000000000000","0x2a2e181cc177974c5d013240c34e1def1a3cc31a","20", "Exec Transaction"
"0x7bef1b01c6cc8815e0b0671e4af615f52e042f5bae2dcdff02fc9a55d66a13b8","6784359","1645679005","2022-02-24 05:03:25","0x0000000000000000000000000000000000000000","0x2a2e181cc177974c5d013240c34e1def1a3cc31a","21", "Exec Transaction"
"0x7bef1b01c6cc8815e0b0671e4af615f52e042f5bae2dcdff02fc9a55d66a13b8","6784359","1645679005","2022-02-24 05:03:25","0x0000000000000000000000000000000000000000","0x2a2e181cc177974c5d013240c34e1def1a3cc31a","22", "Exec Transaction"
"0x7bef1b01c6cc8815e0b0671e4af615f52e042f5bae2dcdff02fc9a55d66a13b8","6784359","1645679005","2022-02-24 05:03:25","0x0000000000000000000000000000000000000000","0x2a2e181cc177974c5d013240c34e1def1a3cc31a","23", "Exec Transaction"
"0x7bef1b01c6cc8815e0b0671e4af615f52e042f5bae2dcdff02fc9a55d66a13b8","6784359","1645679005","2022-02-24 05:03:25","0x0000000000000000000000000000000000000000","0x2a2e181cc177974c5d013240c34e1def1a3cc31a","24", "Exec Transaction"
"0x7bef1b01c6cc8815e0b0671e4af615f52e042f5bae2dcdff02fc9a55d66a13b8","6784359","1645679005","2022-02-24 05:03:25","0x0000000000000000000000000000000000000000","0x2a2e181cc177974c5d013240c34e1def1a3cc31a","25", "Exec Transaction"
"0x7bef1b01c6cc8815e0b0671e4af615f52e042f5bae2dcdff02fc9a55d66a13b8","6784359","1645679005","2022-02-24 05:03:25","0x0000000000000000000000000000000000000000","0x2a2e181cc177974c5d013240c34e1def1a3cc31a","26", "Exec Transaction"
"0x7bef1b01c6cc8815e0b0671e4af615f52e042f5bae2dcdff02fc9a55d66a13b8","6784359","1645679005","2022-02-24 05:03:25","0x0000000000000000000000000000000000000000","0x2a2e181cc177974c5d013240c34e1def1a3cc31a","27", "Exec Transaction"
"0x7bef1b01c6cc8815e0b0671e4af615f52e042f5bae2dcdff02fc9a55d66a13b8","6784359","1645679005","2022-02-24 05:03:25","0x0000000000000000000000000000000000000000","0x2a2e181cc177974c5d013240c34e1def1a3cc31a","28", "Exec Transaction"
"0x7bef1b01c6cc8815e0b0671e4af615f52e042f5bae2dcdff02fc9a55d66a13b8","6784359","1645679005","2022-02-24 05:03:25","0x0000000000000000000000000000000000000000","0x2a2e181cc177974c5d013240c34e1def1a3cc31a","29", "Exec Transaction"
"0x7bef1b01c6cc8815e0b0671e4af615f52e042f5bae2dcdff02fc9a55d66a13b8","6784359","1645679005","2022-02-24 05:03:25","0x0000000000000000000000000000000000000000","0x2a2e181cc177974c5d013240c34e1def1a3cc31a","30", "Exec Transaction"
"0x7bef1b01c6cc8815e0b0671e4af615f52e042f5bae2dcdff02fc9a55d66a13b8","6784359","1645679005","2022-02-24 05:03:25","0x0000000000000000000000000000000000000000","0x2a2e181cc177974c5d013240c34e1def1a3cc31a","31", "Exec Transaction"
"0x7bef1b01c6cc8815e0b0671e4af615f52e042f5bae2dcdff02fc9a55d66a13b8","6784359","1645679005","2022-02-24 05:03:25","0x0000000000000000000000000000000000000000","0x2a2e181cc177974c5d013240c34e1def1a3cc31a","32", "Exec Transaction"
"0x7bef1b01c6cc8815e0b0671e4af615f52e042f5bae2dcdff02fc9a55d66a13b8","6784359","1645679005","2022-02-24 05:03:25","0x0000000000000000000000000000000000000000","0x2a2e181cc177974c5d013240c34e1def1a3cc31a","33", "Exec Transaction"
"0x7bef1b01c6cc8815e0b0671e4af615f52e042f5bae2dcdff02fc9a55d66a13b8","6784359","1645679005","2022-02-24 05:03:25","0x0000000000000000000000000000000000000000","0x2a2e181cc177974c5d013240c34e1def1a3cc31a","34", "Exec Transaction"
"0x7bef1b01c6cc8815e0b0671e4af615f52e042f5bae2dcdff02fc9a55d66a13b8","6784359","1645679005","2022-02-24 05:03:25","0x0000000000000000000000000000000000000000","0x2a2e181cc177974c5d013240c34e1def1a3cc31a","35", "Exec Transaction"
"0x7bef1b01c6cc8815e0b0671e4af615f52e042f5bae2dcdff02fc9a55d66a13b8","6784359","1645679005","2022-02-24 05:03:25","0x0000000000000000000000000000000000000000","0x2a2e181cc177974c5d013240c34e1def1a3cc31a","36", "Exec Transaction"
"0x7bef1b01c6cc8815e0b0671e4af615f52e042f5bae2dcdff02fc9a55d66a13b8","6784359","1645679005","2022-02-24 05:03:25","0x0000000000000000000000000000000000000000","0x2a2e181cc177974c5d013240c34e1def1a3cc31a","37", "Exec Transaction"
"0x7bef1b01c6cc8815e0b0671e4af615f52e042f5bae2dcdff02fc9a55d66a13b8","6784359","1645679005","2022-02-24 05:03:25","0x0000000000000000000000000000000000000000","0x2a2e181cc177974c5d013240c34e1def1a3cc31a","38", "Exec Transaction"
"0x7bef1b01c6cc8815e0b0671e4af615f52e042f5bae2dcdff02fc9a55d66a13b8","6784359","1645679005","2022-02-24 05:03:25","0x0000000000000000000000000000000000000000","0x2a2e181cc177974c5d013240c34e1def1a3cc31a","39", "Exec Transaction"
"0x7bef1b01c6cc8815e0b0671e4af615f52e042f5bae2dcdff02fc9a55d66a13b8","6784359","1645679005","2022-02-24 05:03:25","0x0000000000000000000000000000000000000000","0x2a2e181cc177974c5d013240c34e1def1a3cc31a","40", "Exec Transaction"
"0x63a5d40fcd50cbe080192056057253cee3a35d6e1cdafad01a4eb06e8ccae375","6826650","1645724696","2022-02-24 17:44:56","0x2a2e181cc177974c5d013240c34e1def1a3cc31a","0xe421b5c6680bb06f25e0f8dd138c96913d2c1599","23", "Claim"
"0xe24f1093610b15541fdf119aef55397a3be46379ecb218456ef06f681d0c552e","6828323","1645726839","2022-02-24 18:20:39","0x2a2e181cc177974c5d013240c34e1def1a3cc31a","0xee5984ed5a15e20148a2afbba32c2eb76138950f","35", "Claim"
"0x6d7a92b373113b2714d294ea6a1e84d58d92cc579b64062d50c8341bea3d6fe7","6829413","1645728422","2022-02-24 18:47:02","0x2a2e181cc177974c5d013240c34e1def1a3cc31a","0x716e3f2f257c9956b56842a67f14e623e7629053","16", "Claim"
"0x4052e5f3d97109d5bf9a8be86ec25850a8a43cfc2a72014d3ca9aeb34d42eede","6831650","1645731098","2022-02-24 19:31:38","0x2a2e181cc177974c5d013240c34e1def1a3cc31a","0xf9107317b0ff77ed5b7adea15e50514a3564002b","19", "Claim"
"0x073fbb380b0f7e54db964fa2f01b85437f6cb3a771b0feb7701335b72e52ec53","6848765","1645750284","2022-02-25 00:51:24","0x2a2e181cc177974c5d013240c34e1def1a3cc31a","0x339ae9545e7e1470f1dac54eed56afb6e1377d2f","40", "Claim"
"0x690b1580c07ed2e57462c6c0996302091b5b9554b028f109723361dce809f187","6855166","1645758743","2022-02-25 03:12:23","0x2a2e181cc177974c5d013240c34e1def1a3cc31a","0xb2e89a8f93cedcfae23304a3615a64feb0e02514","34", "Claim"
"0x372e5384844e86de39a987251b03a826f5e86970bfc67d13e400001f6d0223e1","6872814","1645781403","2022-02-25 09:30:03","0x2a2e181cc177974c5d013240c34e1def1a3cc31a","0x26d4068157ee21536d39b8de38f0ccb8e08c9cfb","27", "Claim"
"0x26cfb308f11de85abdda1eae8226ea5507c5c9abb90d1945369e087e4a4a6576","6890940","1645802918","2022-02-25 15:28:38","0x2a2e181cc177974c5d013240c34e1def1a3cc31a","0x19dfdc194bb5cf599af78b1967dbb3783c590720","36", "Claim"
"0xffa2feae170480f66c10a77ccf85ef373d558148caa4c2feeeb4b08b612b5c79","6902317","1645816207","2022-02-25 19:10:07","0x2a2e181cc177974c5d013240c34e1def1a3cc31a","0xac5fcbed890eeeaabe00f1aa5a79e6ab252cc278","33", "Claim"
"0x4c78ab1dd80bc730a22b09b7ae968b1d40c5b651346a71c3506ff13f37e0b18f","6970811","1645903530","2022-02-26 19:25:30","0x2a2e181cc177974c5d013240c34e1def1a3cc31a","0x3b25abf8e157fa75bbc22ba91c47c7507f6988fb","25", "Claim"
"0x0b7ac00716a6bb635e573d3bad1c609479c860bc209702776acdb7a81d16fe2d","8383267","1648009697","2022-03-23 04:28:17","0x2a2e181cc177974c5d013240c34e1def1a3cc31a","0xfaf6bb8f1a300130fb9dc582dc8363a50841882d","24", "Claim"
"0xd28d0ed1c01e48f76730ee3e75df6df75e8c83ea36f5ecec3a42a8dbab86ce3f","8704330","1648400406","2022-03-27 17:00:06","0x2a2e181cc177974c5d013240c34e1def1a3cc31a","0x7a198392a9fd3b24cd6f3cbf9f15ed48269c8fcf","39", "Claim"
"0x2a9e1491ef1744a807cf5d539ec5162b2b223657231290ed52ec38039a6dcbf3","9210657","1648948684","2022-04-03 01:18:04","0x0000000000000000000000000000000000000000","0x2a2e181cc177974c5d013240c34e1def1a3cc31a","41", "Exec Transaction"
"0x2a9e1491ef1744a807cf5d539ec5162b2b223657231290ed52ec38039a6dcbf3","9210657","1648948684","2022-04-03 01:18:04","0x0000000000000000000000000000000000000000","0x2a2e181cc177974c5d013240c34e1def1a3cc31a","42", "Exec Transaction"
"0x2a9e1491ef1744a807cf5d539ec5162b2b223657231290ed52ec38039a6dcbf3","9210657","1648948684","2022-04-03 01:18:04","0x0000000000000000000000000000000000000000","0x2a2e181cc177974c5d013240c34e1def1a3cc31a","43", "Exec Transaction"
"0x2a9e1491ef1744a807cf5d539ec5162b2b223657231290ed52ec38039a6dcbf3","9210657","1648948684","2022-04-03 01:18:04","0x0000000000000000000000000000000000000000","0x2a2e181cc177974c5d013240c34e1def1a3cc31a","44", "Exec Transaction"
"0x2a9e1491ef1744a807cf5d539ec5162b2b223657231290ed52ec38039a6dcbf3","9210657","1648948684","2022-04-03 01:18:04","0x0000000000000000000000000000000000000000","0x2a2e181cc177974c5d013240c34e1def1a3cc31a","45", "Exec Transaction"
"0xeb51ddbabf9095d323240b0765a19e0ff2df09f30ad43fcda8778fac9732f402","9210683","1648948684","2022-04-03 01:18:04","0x0000000000000000000000000000000000000000","0xd6f1875bc1b9d0e8bcec7da22a22bdb359082ae7","46", "Exec Transaction"
"0x58d78539ac53ec4530d43430d3555847ec2e5207e796acd3b3db62d8ae8c370f","9210758","1648948780","2022-04-03 01:19:40","0x2a2e181cc177974c5d013240c34e1def1a3cc31a","0x672c3b982325be86e221fe5d0eb5391ffa9cc8fc","43", "Claim"
"0xc95796dd9c44dd2543d4eb7c12c1a848bf12a9578d1c8c86cc0e71acd0b01fc2","9235671","1648985973","2022-04-03 11:39:33","0x2a2e181cc177974c5d013240c34e1def1a3cc31a","0x28829cdb803c41cb8a7858455b4ffc70b5dfacf4","42", "Claim"
"0xd1305357b192787163f2e8569747759ef3b0058e2aec44fc0d1161b136c70a7d","9359874","1649191446","2022-04-05 20:44:06","0x2a2e181cc177974c5d013240c34e1def1a3cc31a","0xcdb2de3c7e3523f943904bdaab94e316853601ee","44", "Claim"
"0x77d70d022cc616948436c0d9d902ee1fb277c74f152071a4969fa9da0388aa65","9371830","1649211163","2022-04-06 02:12:43","0x2a2e181cc177974c5d013240c34e1def1a3cc31a","0xe4518c427b210e950bb1cfb207e04d9af60f919a","41", "Claim"
"0xb4d34af452555dd2d668fe3dc32abd2e53c0c0d4b4c4f9c446e738069c52db24","9520091","1649450048","2022-04-08 20:34:08","0x2a2e181cc177974c5d013240c34e1def1a3cc31a","0x5b9950c198aa3e2ef0a8d0c1c640b6b13c3ef216","45", "Claim"
"0xf6af39c031dff1b6507139560f3df211e55bdaa016f3af86a45c76924c60f99b","9580752","1649576635","2022-04-10 07:43:55","0x2a2e181cc177974c5d013240c34e1def1a3cc31a","0x05fd601cc84aeed9b6e378aac9d46ed801d38069","30", "Claim"
"0x24d2b67e1c42c3fec9bc8266dcb519e7556942d23b42a26e3f07b4c4339604df","10924644","1651339964","2022-04-30 17:32:44","0x2a2e181cc177974c5d013240c34e1def1a3cc31a","0x8e3862fb8e38220e65aa07f86f63098f4e84bca6","29", "Claim"
"0xb32b54917479eb41b2d78223de3fdaae38349a81f469d4bbc84fb0e818c8077e","11519826","1652026591","2022-05-08 16:16:31","0x94bc2fdd556f9c99dd93225df3e400a3399289e8","0x530f09ea449f3f84b74f42d5ea82aecdb82f9613","3", "Send"
"0x1b304a38c1c39724a12fb053f838e4dc22f6876bb49d0c304de9244729436fc7","11738446","1652223915","2022-05-10 23:05:15","0x0000000000000000000000000000000000000000","0x2a2e181cc177974c5d013240c34e1def1a3cc31a","47", "Exec Transaction"
"0x1b304a38c1c39724a12fb053f838e4dc22f6876bb49d0c304de9244729436fc7","11738446","1652223915","2022-05-10 23:05:15","0x0000000000000000000000000000000000000000","0x2a2e181cc177974c5d013240c34e1def1a3cc31a","48", "Exec Transaction"
"0x1b304a38c1c39724a12fb053f838e4dc22f6876bb49d0c304de9244729436fc7","11738446","1652223915","2022-05-10 23:05:15","0x0000000000000000000000000000000000000000","0x2a2e181cc177974c5d013240c34e1def1a3cc31a","49", "Exec Transaction"
"0x1b304a38c1c39724a12fb053f838e4dc22f6876bb49d0c304de9244729436fc7","11738446","1652223915","2022-05-10 23:05:15","0x0000000000000000000000000000000000000000","0x2a2e181cc177974c5d013240c34e1def1a3cc31a","50", "Exec Transaction"
"0x1b304a38c1c39724a12fb053f838e4dc22f6876bb49d0c304de9244729436fc7","11738446","1652223915","2022-05-10 23:05:15","0x0000000000000000000000000000000000000000","0x2a2e181cc177974c5d013240c34e1def1a3cc31a","51", "Exec Transaction"
"0x1b304a38c1c39724a12fb053f838e4dc22f6876bb49d0c304de9244729436fc7","11738446","1652223915","2022-05-10 23:05:15","0x0000000000000000000000000000000000000000","0x2a2e181cc177974c5d013240c34e1def1a3cc31a","52", "Exec Transaction"
"0x1b304a38c1c39724a12fb053f838e4dc22f6876bb49d0c304de9244729436fc7","11738446","1652223915","2022-05-10 23:05:15","0x0000000000000000000000000000000000000000","0x2a2e181cc177974c5d013240c34e1def1a3cc31a","53", "Exec Transaction"
"0x1b304a38c1c39724a12fb053f838e4dc22f6876bb49d0c304de9244729436fc7","11738446","1652223915","2022-05-10 23:05:15","0x0000000000000000000000000000000000000000","0x2a2e181cc177974c5d013240c34e1def1a3cc31a","54", "Exec Transaction"
"0x1b304a38c1c39724a12fb053f838e4dc22f6876bb49d0c304de9244729436fc7","11738446","1652223915","2022-05-10 23:05:15","0x0000000000000000000000000000000000000000","0x2a2e181cc177974c5d013240c34e1def1a3cc31a","55", "Exec Transaction"
"0x1b304a38c1c39724a12fb053f838e4dc22f6876bb49d0c304de9244729436fc7","11738446","1652223915","2022-05-10 23:05:15","0x0000000000000000000000000000000000000000","0x2a2e181cc177974c5d013240c34e1def1a3cc31a","56", "Exec Transaction"
"0x1b304a38c1c39724a12fb053f838e4dc22f6876bb49d0c304de9244729436fc7","11738446","1652223915","2022-05-10 23:05:15","0x0000000000000000000000000000000000000000","0x2a2e181cc177974c5d013240c34e1def1a3cc31a","57", "Exec Transaction"
"0x1b304a38c1c39724a12fb053f838e4dc22f6876bb49d0c304de9244729436fc7","11738446","1652223915","2022-05-10 23:05:15","0x0000000000000000000000000000000000000000","0x2a2e181cc177974c5d013240c34e1def1a3cc31a","58", "Exec Transaction"
"0xb5e4d00d3af83a0800604f6436d493f72ffef321a1f215828a844d59f3f51838","11738967","1652224400","2022-05-10 23:13:20","0x2a2e181cc177974c5d013240c34e1def1a3cc31a","0x530f09ea449f3f84b74f42d5ea82aecdb82f9613","48", "Claim"
"0x54660fc2f94eb8168ad620f991778543f0fbb50b072f1de698cf5550e94e8787","11739265","1652224712","2022-05-10 23:18:32","0x2a2e181cc177974c5d013240c34e1def1a3cc31a","0x530f09ea449f3f84b74f42d5ea82aecdb82f9613","49", "Claim"
"0xe044dbdb01cc52427d82e2a11a0a2b6989d78d608b1df83a156e234906132f8a","11742887","1652228426","2022-05-11 00:20:26","0x2a2e181cc177974c5d013240c34e1def1a3cc31a","0x339ae9545e7e1470f1dac54eed56afb6e1377d2f","55", "Claim"
"0x7d657675eeb43ca56abfc78ae05ba6304353cc93dd8cc2f3a266fd68f63f18e3","11745469","1652231397","2022-05-11 01:09:57","0x2a2e181cc177974c5d013240c34e1def1a3cc31a","0x1d1569e8ecb88c0cb35f8920649f1aa66173a8bc","56", "Claim"
"0xb00c334182aae4833262610972189267def6512eb27775698a1972a6c08cbb68","11747884","1652234201","2022-05-11 01:56:41","0x2a2e181cc177974c5d013240c34e1def1a3cc31a","0x8156e8fe0f10d6ae9bff83db5e58093464fe451c","57", "Claim"
"0x839f7aea0927e8fe55d0b942e09c343073c3e5ae91e98690c7acf1cda63fd90c","11748151","1652234514","2022-05-11 02:01:54","0x8156e8fe0f10d6ae9bff83db5e58093464fe451c","0x0f97b7ff167be3dbeda03389320726547463bc84","57", "Send"
"0x744d9451f88b585a83dc9632405bd4c7b58a5f2d7d6b64131b924aa90e0528c3","11756344","1652242096","2022-05-11 04:08:16","0x2a2e181cc177974c5d013240c34e1def1a3cc31a","0x608f0cade420e14b35b6f494867f302e78149d8a","52", "Claim"
"0xaae833791ea4dff8fb714690a0839fbc6c9cc2ceda605835d6a4e36f877e9ec2","11760161","1652246047","2022-05-11 05:14:07","0x2a2e181cc177974c5d013240c34e1def1a3cc31a","0x6bcfe7307663bb2b0c1c70294c8af1ea01fef0de","53", "Claim"
"0x81f6d19a1ebab4fe6aab42da614484a24bf422af5963b996606339553ddc50b3","11787226","1652267845","2022-05-11 11:17:25","0x2a2e181cc177974c5d013240c34e1def1a3cc31a","0x86d95ad7b3396bfdbbd46b0c9804f3a8e91a0607","54", "Claim"
"0x7ad6d317ecea7c3543010be7f9fbe3c5fb55d7035c62982048cbb75e8baa68bc","11814539","1652286954","2022-05-11 16:35:54","0x2a2e181cc177974c5d013240c34e1def1a3cc31a","0x356b0c093e663eb73970255f911ad5909e7fe4e8","58", "Claim"
"0x0eec8a5999f2c4c657f8ea30fd6dbdacae9021d463f4f3d7ef87b37718f4ef0d","11930046","1652380733","2022-05-12 18:38:53","0x2a2e181cc177974c5d013240c34e1def1a3cc31a","0x51f4e96abf315ec7597cb56d89637455ebf60f4e","47", "Claim"
"0x5630bb038d2fecc9351542241f0f9041ee018935237c32a8bd2785f702b3a062","12602792","1653103163","2022-05-21 03:19:23","0x2a2e181cc177974c5d013240c34e1def1a3cc31a","0xe5cc7b86bb776f9ceaad80e6d9e1ceb6ab48bb7c","51", "Claim"
"0xa1a4110f7bf65951acf4eef8e86bde17db827fbad41d343b1e47257e5f693a19","12799223","1653324959","2022-05-23 16:55:59","0x0000000000000000000000000000000000000000","0x8a3084ad2e8b04d316e95fca3ff49af4bc4e784b","59", "Exec Transaction"
"0x630bfa5527fab6d3f1b9c5f66837e1c20a3480f79d476e4cc66683bbabe006d2","12799475","1653325289","2022-05-23 17:01:29","0x0000000000000000000000000000000000000000","0x46376cf0ef9bd3daafab1b57e6c939b3062c2af1","60", "Exec Transaction"
"0x297367b9486c6e6246a54c8228ea09894798e2cd191a3f0a259dfbafe31d73ec","12799545","1653325362","2022-05-23 17:02:42","0x0000000000000000000000000000000000000000","0xecbe3854b26750b301341bad149185e55544aba1","61", "Exec Transaction"
"0x6f9af2cabe95b98174d58af38c7709ab70f3c0f15f69381cd41c15ee976bac10","12802721","1653329950","2022-05-23 18:19:10","0x0000000000000000000000000000000000000000","0x84624fb8b703da691f6b84c559990ff35b718861","62", "Exec Transaction"
"0xe19417d4f210a669a02a69f525371480304efc4b089dcf354d59cfa40cdb6f1d","15193847","1655755330","2022-06-20 20:02:10","0x0000000000000000000000000000000000000000","0x2a2e181cc177974c5d013240c34e1def1a3cc31a","63", "Exec Transaction"
"0x292371bbe45773112e4d482a147aafc344fd7d84c2b0df00973166c661bf3f3a","15215093","1655782188","2022-06-21 03:29:48","0x2a2e181cc177974c5d013240c34e1def1a3cc31a","0x9adfd762d997bd382028a579bb68bdd49d97493c","63", "Claim"
"0x396293678a7001ffefec02ac6c783119ac832254ddb8956001499d18fe5ee9b0","15262850","1655822111","2022-06-21 14:35:11","0x0000000000000000000000000000000000000000","0x2a2e181cc177974c5d013240c34e1def1a3cc31a","64", "Multi Send"
"0x396293678a7001ffefec02ac6c783119ac832254ddb8956001499d18fe5ee9b0","15262850","1655822111","2022-06-21 14:35:11","0x0000000000000000000000000000000000000000","0x2a2e181cc177974c5d013240c34e1def1a3cc31a","65", "Multi Send"
"0x396293678a7001ffefec02ac6c783119ac832254ddb8956001499d18fe5ee9b0","15262850","1655822111","2022-06-21 14:35:11","0x0000000000000000000000000000000000000000","0x2a2e181cc177974c5d013240c34e1def1a3cc31a","66", "Multi Send"
"0x396293678a7001ffefec02ac6c783119ac832254ddb8956001499d18fe5ee9b0","15262850","1655822111","2022-06-21 14:35:11","0x0000000000000000000000000000000000000000","0x2a2e181cc177974c5d013240c34e1def1a3cc31a","67", "Multi Send"
"0x396293678a7001ffefec02ac6c783119ac832254ddb8956001499d18fe5ee9b0","15262850","1655822111","2022-06-21 14:35:11","0x0000000000000000000000000000000000000000","0x2a2e181cc177974c5d013240c34e1def1a3cc31a","68", "Multi Send"
"0x396293678a7001ffefec02ac6c783119ac832254ddb8956001499d18fe5ee9b0","15262850","1655822111","2022-06-21 14:35:11","0x0000000000000000000000000000000000000000","0x2a2e181cc177974c5d013240c34e1def1a3cc31a","69", "Multi Send"
"0x396293678a7001ffefec02ac6c783119ac832254ddb8956001499d18fe5ee9b0","15262850","1655822111","2022-06-21 14:35:11","0x0000000000000000000000000000000000000000","0xc7efca3ce6f7ea4be3d3ee4aae241d8b7dd9a6fe","70", "Multi Send"
"0x04e83a3c2b1047b2d76cb430179735d4204c9f410226afff589fd3ed8c37870e","15283124","1655837722","2022-06-21 18:55:22","0x2a2e181cc177974c5d013240c34e1def1a3cc31a","0xdfb27231979a3367579794001c006f6d3875d16f","64", "Claim"
"0x4b974594e98497b2212b17fa512cd86c9bb041050de79d5762f99efab7587d18","15286371","1655840080","2022-06-21 19:34:40","0x2a2e181cc177974c5d013240c34e1def1a3cc31a","0xd6f1875bc1b9d0e8bcec7da22a22bdb359082ae7","66", "Claim"
"0x59faba67ca4b9c2cd47d3372c4f50740786e2bf06c758ef85201884ac8772d1c","15333233","1655877342","2022-06-22 05:55:42","0x2a2e181cc177974c5d013240c34e1def1a3cc31a","0x6a846300b7168106e30929ce1fa42148cbd9f4a9","67", "Claim"
"0x5627bd8b6248cca01b29791e50dda75f7dbfcad5474e2019ee157280d447a9e6","15650680","1656083257","2022-06-24 15:07:37","0x2a2e181cc177974c5d013240c34e1def1a3cc31a","0x15d3e6478f91f12cc0f5d8c53daf32f6e4ab1f2c","65", "Claim"
"0xb108829e7c23d198a03a6666f1ed7923b00c0bd9c6ab58f16d0cb1fd1840ccac","16100840","1656349772","2022-06-27 17:09:32","0x0000000000000000000000000000000000000000","0x2a2e181cc177974c5d013240c34e1def1a3cc31a","71", "Exec Transaction"
"0x402ef8ee229a86d877b319d5ca12cb6cc82795d66c757159e56b9898e78d2550","16142856","1656377814","2022-06-28 00:56:54","0x2a2e181cc177974c5d013240c34e1def1a3cc31a","0x1cae141ec4f5becd042d8df35e397b00c26e0e8a","71", "Claim"
"0xe6d84ecbc1ba9afd6858905ce7d7f40ebe92c0d92b96662409d626b051c058e7","16797404","1656749617","2022-07-02 08:13:37","0x2a2e181cc177974c5d013240c34e1def1a3cc31a","0x77e8ab134f6d6f7309e6f565d82456b63723f506","32", "Claim"
"0x87f61e5df7c1ba66c5cb704c2d8fc8671d8b2aa890ccf8d50e3a64522ce832e5","18604047","1658828996","2022-07-26 09:49:56","0x339ae9545e7e1470f1dac54eed56afb6e1377d2f","0x28829cdb803c41cb8a7858455b4ffc70b5dfacf4","40", "Run"
"0xaa60ae814ab1eac19a4e1609954607c74f12f52ebea2bf9e161ccff6959637ca","19741172","1659981794","2022-08-08 18:03:14","0x0000000000000000000000000000000000000000","0x2a2e181cc177974c5d013240c34e1def1a3cc31a","72", "Exec Transaction"
"0xaa60ae814ab1eac19a4e1609954607c74f12f52ebea2bf9e161ccff6959637ca","19741172","1659981794","2022-08-08 18:03:14","0x0000000000000000000000000000000000000000","0x2a2e181cc177974c5d013240c34e1def1a3cc31a","73", "Exec Transaction"
"0xaa60ae814ab1eac19a4e1609954607c74f12f52ebea2bf9e161ccff6959637ca","19741172","1659981794","2022-08-08 18:03:14","0x0000000000000000000000000000000000000000","0x2a2e181cc177974c5d013240c34e1def1a3cc31a","74", "Exec Transaction"
"0xaa60ae814ab1eac19a4e1609954607c74f12f52ebea2bf9e161ccff6959637ca","19741172","1659981794","2022-08-08 18:03:14","0x0000000000000000000000000000000000000000","0x2a2e181cc177974c5d013240c34e1def1a3cc31a","75", "Exec Transaction"
"0xaa60ae814ab1eac19a4e1609954607c74f12f52ebea2bf9e161ccff6959637ca","19741172","1659981794","2022-08-08 18:03:14","0x0000000000000000000000000000000000000000","0x2a2e181cc177974c5d013240c34e1def1a3cc31a","76", "Exec Transaction"
"0xaa60ae814ab1eac19a4e1609954607c74f12f52ebea2bf9e161ccff6959637ca","19741172","1659981794","2022-08-08 18:03:14","0x0000000000000000000000000000000000000000","0x2a2e181cc177974c5d013240c34e1def1a3cc31a","77", "Exec Transaction"
"0xaa60ae814ab1eac19a4e1609954607c74f12f52ebea2bf9e161ccff6959637ca","19741172","1659981794","2022-08-08 18:03:14","0x0000000000000000000000000000000000000000","0x2a2e181cc177974c5d013240c34e1def1a3cc31a","78", "Exec Transaction"
"0xaa60ae814ab1eac19a4e1609954607c74f12f52ebea2bf9e161ccff6959637ca","19741172","1659981794","2022-08-08 18:03:14","0x0000000000000000000000000000000000000000","0x2a2e181cc177974c5d013240c34e1def1a3cc31a","79", "Exec Transaction"
"0xaa60ae814ab1eac19a4e1609954607c74f12f52ebea2bf9e161ccff6959637ca","19741172","1659981794","2022-08-08 18:03:14","0x0000000000000000000000000000000000000000","0x2a2e181cc177974c5d013240c34e1def1a3cc31a","80", "Exec Transaction"
"0xf0d8d733aff62dba8a06f29245102aec3273fbbb3a74e4c5739c499cbe4156ab","19748940","1659990719","2022-08-08 20:31:59","0x2a2e181cc177974c5d013240c34e1def1a3cc31a","0xca77380d0caa2d2eb484a4c0c92926764ca9587b","79", "Claim"
"0xb0457b7393db09e6c6154d0a8690e75d647ca061aee26f5b3f80ddd852d30e45","19750202","1659992110","2022-08-08 20:55:10","0x2a2e181cc177974c5d013240c34e1def1a3cc31a","0xaa21505a90f5a5d1e40c39bd719f1b3bef843cbc","73", "Claim"
"0x3aa97e21c8d35654865cbdf2b8c7dcc29733572d814657c0bd1ee0fa08227700","19760036","1660004737","2022-08-09 00:25:37","0x2a2e181cc177974c5d013240c34e1def1a3cc31a","0x339ae9545e7e1470f1dac54eed56afb6e1377d2f","76", "Claim"
"0xfa46ecacdf9fb68d9eab3c28941e3c03a1da756214f74c7a3156177e4b080e10","19783507","1660032691","2022-08-09 08:11:31","0x2a2e181cc177974c5d013240c34e1def1a3cc31a","0x5b9950c198aa3e2ef0a8d0c1c640b6b13c3ef216","74", "Claim"
"0x230617955fb3c9fc9025a1c6f12abb5e30492e30a81cc4d2413fb4f8f534dd8d","19783679","1660032824","2022-08-09 08:13:44","0xee5984ed5a15e20148a2afbba32c2eb76138950f","0x5b9950c198aa3e2ef0a8d0c1c640b6b13c3ef216","35", "Safe Transfer From"
"0x7dc7b6f87af9382a2211032fd5b46fd1c065e76e860b89ae3393826f6071a286","19791109","1660039366","2022-08-09 10:02:46","0x2a2e181cc177974c5d013240c34e1def1a3cc31a","0x483d25d45518ef52e4083284faefeba702b6ad35","50", "Claim"
"0x057c3332fe5b6a8b64400eae50944c769e14dd5d382b160dc4da87d966df94e7","19791161","1660039442","2022-08-09 10:04:02","0x2a2e181cc177974c5d013240c34e1def1a3cc31a","0x483d25d45518ef52e4083284faefeba702b6ad35","77", "Claim"
"0xe8cf12e03118a847ba61ac034120986e967a7014335637ce8667b177d59e346f","19965179","1660186759","2022-08-11 02:59:19","0x2a2e181cc177974c5d013240c34e1def1a3cc31a","0x530f09ea449f3f84b74f42d5ea82aecdb82f9613","78", "Claim"
"0xd5cf407be3a77b8d8c60ecfb3d890ec7000728850d30b37b2162cdff6261a4e9","20174122","1660413912","2022-08-13 18:05:12","0x2a2e181cc177974c5d013240c34e1def1a3cc31a","0xe5daaaf9e1c605eb5087b9483e7ea190597579ab","72", "Claim"
"0xc0e86a7d698e6e201b5115c2563b8a12408fd47c98acdd03ae9e82787954272e","23399417","1662564425","2022-09-07 15:27:05","0x2a2e181cc177974c5d013240c34e1def1a3cc31a","0xd6a179860fb0a6e3835d2c7922668cb86a1d7859","75", "Claim"
"0x0b05739fd658295d48e6535d7cbd4bd899b4ad7dac9adda1fe64ec19dc781de5","23851028","1662765764","2022-09-09 23:22:44","0x0000000000000000000000000000000000000000","0x19b031eca4d6eacda4f659c860be25f77e6aed78","81", "Exec Transaction"
"0xe10fc487cfe2e39297a6b1a3dcb117d06e475263d83a3aea48020821c6a270f7","23851110","1662765806","2022-09-09 23:23:26","0x0000000000000000000000000000000000000000","0x73e91fffe3bd2d9dc72ed4a2d666fbde84764cd0","82", "Exec Transaction"
"0x189662c4e2a6e5146c0fcb7b577b41a7169bf5df8e6262fe4bd60365dde8d270","23851162","1662765835","2022-09-09 23:23:55","0x0000000000000000000000000000000000000000","0x1a60e3afda140caba61d65b136d96861374c95a8","83", "Exec Transaction"
"0x633890d71b38a86584152dd7e020da8115ef405d9cfcd6dab0ed4c4b9a04f68f","24899173","1663339618","2022-09-16 14:46:58","0x2a2e181cc177974c5d013240c34e1def1a3cc31a","0x8fde8fdc2890a47948627de1f90b5e4ab1df2075","68", "Claim"
"0x39cb8b9e86f1d004097b3c4f1ed343639e404cf8c8b30477a574d94e89ae5e2d","24899454","1663339681","2022-09-16 14:48:01","0x2a2e181cc177974c5d013240c34e1def1a3cc31a","0x8fde8fdc2890a47948627de1f90b5e4ab1df2075","69", "Claim"
"0xa6bec9ac8418cd2dbd666ba2895a7696529828ddab22ff63823772048c0a2782","25316138","1663606238","2022-09-19 16:50:38","0x0000000000000000000000000000000000000000","0x2a2e181cc177974c5d013240c34e1def1a3cc31a","84", "Exec Transaction"
"0xa6bec9ac8418cd2dbd666ba2895a7696529828ddab22ff63823772048c0a2782","25316138","1663606238","2022-09-19 16:50:38","0x0000000000000000000000000000000000000000","0x2a2e181cc177974c5d013240c34e1def1a3cc31a","85", "Exec Transaction"
"0xb6e4a2bce1d34fe3f2249c91f408da47fa7319c5ae5ff94a4eb690e9f41bb0ce","25512378","1663687746","2022-09-20 15:29:06","0x2a2e181cc177974c5d013240c34e1def1a3cc31a","0x5214a7293e165c1e1f36c14d0e16724ba13e14fe","85", "Claim"
"0xbcbeb81cc5596eff9c8a07fbb37aa4dd76a100e5c97b6d94f5d021703483728f","25512839","1663687897","2022-09-20 15:31:37","0x2a2e181cc177974c5d013240c34e1def1a3cc31a","0x618d64611af0a80f77472051077f488f12004daa","84", "Claim"
"0x2ea55ed451d830477153c8b1e619048c38e2208e47a4502d82237f0d99b114b5","30252210","1665841201","2022-10-15 13:40:01","0x0000000000000000000000000000000000000000","0x2a2e181cc177974c5d013240c34e1def1a3cc31a","86", "Exec Transaction"
"0xd05e0e2db7110bfda3ce400ecdf39cfdecc8e8949fd0ee0a7a8d1f230b6f45c7","54336318","1674237566","2023-01-20 17:59:26","0x2a2e181cc177974c5d013240c34e1def1a3cc31a","0xf9328adf2ad24f0a411dc6d67c5cca9cb2b4c286","26", "Claim"
"0x5f854d7229043b968367857bf6133d450487fca98c2e3b4c47622bf10e33d681","56679876","1675097104","2023-01-30 16:45:04","0x0000000000000000000000000000000000000000","0x2a2e181cc177974c5d013240c34e1def1a3cc31a","87", "Exec Transaction"
"0x5f854d7229043b968367857bf6133d450487fca98c2e3b4c47622bf10e33d681","56679876","1675097104","2023-01-30 16:45:04","0x0000000000000000000000000000000000000000","0x2a2e181cc177974c5d013240c34e1def1a3cc31a","88", "Exec Transaction"
"0x5f854d7229043b968367857bf6133d450487fca98c2e3b4c47622bf10e33d681","56679876","1675097104","2023-01-30 16:45:04","0x0000000000000000000000000000000000000000","0x2a2e181cc177974c5d013240c34e1def1a3cc31a","89", "Exec Transaction"
"0x9bff5012fad3250ed1a8cc432a85977441e3fcf120d6c27fd6ce1e184c1e6fd2","56689024","1675099816","2023-01-30 17:30:16","0x2a2e181cc177974c5d013240c34e1def1a3cc31a","0x6f189533283149508766f9929e5ab6cd621b6a1a","88", "Claim"
"0x00b45239c0596b7bc12b7b752eb7c12f29ba0b6643bcbf128b3712a825b200f1","57025192","1675214176","2023-02-01 01:16:16","0x2a2e181cc177974c5d013240c34e1def1a3cc31a","0x4df1865fdbdc6cbc57b8445df78c1b0dcd3532d2","89", "Claim"
"0x0b314eaf4d7b586da1ffabdd44aa89184de8a48de3f79c02eea8970882cb646f","57570020","1675389603","2023-02-03 02:00:03","0x2a2e181cc177974c5d013240c34e1def1a3cc31a","0x945d5bcda8dcd9cd8b221fd23cf4b6c0e7e50bd5","87", "Claim"
"0x80ebce802a3944f59fd894489307da9886d31ef5036fa7748c69d9ed30347cc1","63756100","1677150524","2023-02-23 11:08:44","0x2a2e181cc177974c5d013240c34e1def1a3cc31a","0x8fde8fdc2890a47948627de1f90b5e4ab1df2075","86", "Claim"
"0x2e33cf56dcd52219da204cbe7c3c6a1b05051f8aef143182ef50e75e6ad06ce9","74322637","1679946283","2023-03-27 19:44:43","0x530f09ea449f3f84b74f42d5ea82aecdb82f9613","0x6f8309ec97dd673ca672be80a8d9008944630569","48", "Bulk Transfer"
"0x2e33cf56dcd52219da204cbe7c3c6a1b05051f8aef143182ef50e75e6ad06ce9","74322637","1679946283","2023-03-27 19:44:43","0x530f09ea449f3f84b74f42d5ea82aecdb82f9613","0x6f8309ec97dd673ca672be80a8d9008944630569","49", "Bulk Transfer"
"0x2e33cf56dcd52219da204cbe7c3c6a1b05051f8aef143182ef50e75e6ad06ce9","74322637","1679946283","2023-03-27 19:44:43","0x530f09ea449f3f84b74f42d5ea82aecdb82f9613","0x6f8309ec97dd673ca672be80a8d9008944630569","78", "Bulk Transfer"
"0x2e33cf56dcd52219da204cbe7c3c6a1b05051f8aef143182ef50e75e6ad06ce9","74322637","1679946283","2023-03-27 19:44:43","0x530f09ea449f3f84b74f42d5ea82aecdb82f9613","0x6f8309ec97dd673ca672be80a8d9008944630569","3", "Bulk Transfer"
"0x472ceff0d3d0d5fdfe8b049a0be49ed3fd6e64a481ebefdadd335778701ab0f3","85952970","1682884791","2023-04-30 19:59:51","0x0000000000000000000000000000000000000000","0x2a2e181cc177974c5d013240c34e1def1a3cc31a","90", "Exec Transaction"
"0x0ff790a9029c9e92cc39653f3b52919f3e8720083705b1c60c24d285fb48d1cd","86114419","1682925866","2023-05-01 07:24:26","0x2a2e181cc177974c5d013240c34e1def1a3cc31a","0x0a31e2ec0b5d29a73d5446cb8b696e96a8924dac","90", "Claim"
